{
	"playlist": {
		"subscribers": [],
		"subscribed": false,
		"creator": {
			"defaultAvatar": false,
			"province": 1000000,
			"authStatus": 0,
			"followed": false,
			"avatarUrl": "https://p1.music.126.net/7blFh3dXYSr2nEick5lUCw==/109951162876826521.jpg",
			"accountStatus": 0,
			"gender": 0,
			"city": 1010000,
			"birthday": 789926400000,
			"userId": 286427520,
			"userType": 0,
			"nickname": "仙人掌向太阳_",
			"signature": "挑剔的爱乐人.",
			"description": "",
			"detailDescription": "",
			"avatarImgId": 109951162876826521,
			"backgroundImgId": 109951162882970076,
			"backgroundUrl": "https://p1.music.126.net/G7AqpcvOSz7nQdjFiGdO-w==/109951162882970076.jpg",
			"authority": 0,
			"mutual": false,
			"expertTags": [
				"华语",
				"欧美",
				"流行"
			],
			"djStatus": 10,
			"vipType": 11,
			"remarkName": null,
			"avatarImgIdStr": "109951162876826521",
			"backgroundImgIdStr": "109951162882970076",
			"avatarImgId_str": "109951162876826521"
		},
		"tracks": [
			{
				"name": "雾",
				"id": 404459879,
				"pst": 0,
				"t": 0,
				"ar": [
					{
						"id": 12002056,
						"name": "张小九",
						"tns": [],
						"alias": []
					}
				],
				"alia": [],
				"pop": 100.0,
				"st": 0,
				"rt": "",
				"fee": 0,
				"v": 68,
				"crbt": null,
				"cf": "",
				"al": {
					"id": 34511276,
					"name": "张小九的民谣工坊",
					"picUrl": "https://p4.music.126.net/kMY9jegPOcrYDVmq2o9ikw==/109951162820896004.jpg",
					"tns": [],
					"pic_str": "109951162820896004",
					"pic": 109951162820896004
				},
				"dt": 292427,
				"h": {
					"br": 320000,
					"fid": 2946691215444725,
					"size": 11709170,
					"vd": 3.00234
				},
				"m": {
					"br": 160000,
					"fid": 2946691215444726,
					"size": 5854608,
					"vd": 3.28557
				},
				"l": {
					"br": 96000,
					"fid": 2946691215444727,
					"size": 3512783,
					"vd": 3.03875
				},
				"a": null,
				"cd": "",
				"no": 1,
				"rtUrl": null,
				"ftype": 0,
				"rtUrls": [],
				"mst": 9,
				"cp": 0,
				"mv": 0,
				"rtype": 0,
				"rurl": null
			}, {
				"name": "雪",
				"id": 227012,
				"pst": 0,
				"t": 0,
				"ar": [
					{
						"id": 7591,
						"name": "杜雯媞",
						"tns": [],
						"alias": []
					}, {
						"id": 5499,
						"name": "王艺翔",
						"tns": [],
						"alias": []
					}
				],
				"alia": [
					"第三季插曲"
				],
				"pop": 100.0,
				"st": 0,
				"rt": "",
				"fee": 0,
				"v": 4,
				"crbt": null,
				"cf": "",
				"al": {
					"id": 22875,
					"name": "孤独的乐章",
					"picUrl": "https://p4.music.126.net/hCbXU9RwTqOWLeWNFPJO-Q==/18647717208940363.jpg",
					"tns": [],
					"pic_str": "18647717208940363",
					"pic": 18647717208940363
				},
				"dt": 226000,
				"h": {
					"br": 320000,
					"fid": 1993414581171738,
					"size": 9073461,
					"vd": -1.89
				},
				"m": {
					"br": 160000,
					"fid": 2052788209071030,
					"size": 4549444,
					"vd": -1.46
				},
				"l": {
					"br": 96000,
					"fid": 2052788209071031,
					"size": 2739890,
					"vd": -1.5
				},
				"a": null,
				"cd": "",
				"no": 9,
				"rtUrl": null,
				"ftype": 0,
				"rtUrls": [],
				"mst": 9,
				"cp": 0,
				"mv": 0,
				"rtype": 0,
				"rurl": null
			}, {
				"name": "晴天",
				"id": 186016,
				"pst": 0,
				"t": 0,
				"ar": [
					{
						"id": 6452,
						"name": "周杰伦",
						"tns": [],
						"alias": []
					}
				],
				"alia": [],
				"pop": 100.0,
				"st": 0,
				"rt": "600902000006889364",
				"fee": 8,
				"v": 78,
				"crbt": "e93f07bd4132712ecec16f1a2eb473a6",
				"cf": "",
				"al": {
					"id": 18905,
					"name": "叶惠美",
					"picUrl": "https://p3.music.126.net/RBNa1MGuuwhLWWC8J_Pyhg==/3242459793609734.jpg",
					"tns": [],
					"pic": 3242459793609734
				},
				"dt": 269000,
				"h": {
					"br": 320000,
					"fid": 3291937813618639,
					"size": 10792855,
					"vd": -2.65076E-4
				},
				"m": {
					"br": 160000,
					"fid": 3291937813618640,
					"size": 5396480,
					"vd": -2.65076E-4
				},
				"l": {
					"br": 96000,
					"fid": 3291937813618641,
					"size": 3237930,
					"vd": -2.65076E-4
				},
				"a": null,
				"cd": "",
				"no": 3,
				"rtUrl": null,
				"ftype": 0,
				"rtUrls": [],
				"mst": 9,
				"cp": 1007,
				"mv": 504177,
				"rtype": 0,
				"rurl": null
			}, {
				"name": "阴天",
				"id": 276936,
				"pst": 0,
				"t": 0,
				"ar": [
					{
						"id": 8926,
						"name": "莫文蔚",
						"tns": [],
						"alias": []
					}
				],
				"alia": [],
				"pop": 100.0,
				"st": 0,
				"rt": "600902000007952617",
				"fee": 0,
				"v": 22,
				"crbt": "125acf2b1d83bfa1a2735db998c9e2fa",
				"cf": "",
				"al": {
					"id": 27503,
					"name": "就 i Karen 莫文蔚精选",
					"picUrl": "https://p3.music.126.net/DjyL8sXf9iU0Cik4hzs4RQ==/109951162783381.jpg",
					"tns": [],
					"pic": 109951162783381
				},
				"dt": 242286,
				"h": {
					"br": 320000,
					"fid": 1047834581278240,
					"size": 9702437,
					"vd": 0.176198
				},
				"m": {
					"br": 160000,
					"fid": 1015948744072738,
					"size": 4861426,
					"vd": -2.65076E-4
				},
				"l": {
					"br": 96000,
					"fid": 1033540930117241,
					"size": 2924603,
					"vd": -2.65076E-4
				},
				"a": null,
				"cd": "",
				"no": 2,
				"rtUrl": null,
				"ftype": 0,
				"rtUrls": [],
				"mst": 9,
				"cp": 14003,
				"mv": 5324082,
				"rtype": 0,
				"rurl": null
			}, {
				"name": "冰雨",
				"id": 34532800,
				"pst": 0,
				"t": 0,
				"ar": [
					{
						"id": 3691,
						"name": "刘德华",
						"tns": [],
						"alias": []
					}
				],
				"alia": [],
				"pop": 100.0,
				"st": 0,
				"rt": null,
				"fee": 0,
				"v": 4,
				"crbt": null,
				"cf": "",
				"al": {
					"id": 2350632,
					"name": "Unforgettable Concert 中国巡回演唱会2011",
					"picUrl": "https://p4.music.126.net/PjUxrAcmgsN_iH7sjr8NhA==/5649290743593503.jpg",
					"tns": [],
					"pic": 5649290743593503
				},
				"dt": 379534,
				"h": {
					"br": 320000,
					"fid": 3346913395615570,
					"size": 15184500,
					"vd": 0.0758784
				},
				"m": {
					"br": 160000,
					"fid": 3375500697931298,
					"size": 7592272,
					"vd": 0.468341
				},
				"l": {
					"br": 96000,
					"fid": 7699879931772758,
					"size": 4555381,
					"vd": 0.267569
				},
				"a": null,
				"cd": "2",
				"no": 2,
				"rtUrl": null,
				"ftype": 0,
				"rtUrls": [],
				"mst": 9,
				"cp": 0,
				"mv": 0,
				"rtype": 0,
				"rurl": null
			}, {
				"name": "梅雨",
				"id": 29777653,
				"pst": 0,
				"t": 0,
				"ar": [
					{
						"id": 973004,
						"name": "程璧",
						"tns": [],
						"alias": []
					}
				],
				"alia": [],
				"pop": 100.0,
				"st": 0,
				"rt": null,
				"fee": 0,
				"v": 1,
				"crbt": null,
				"cf": "",
				"al": {
					"id": 3076573,
					"name": "程璧的Demo",
					"picUrl": "https://p4.music.126.net/2OlqD7oxIPPke-DZBVoW0g==/6649846326008861.jpg",
					"tns": [],
					"pic": 6649846326008861
				},
				"dt": 226847,
				"h": null,
				"m": {
					"br": 128000,
					"fid": 3244658815248021,
					"size": 3622667,
					"vd": -2.04
				},
				"l": {
					"br": 96000,
					"fid": 3244658815248020,
					"size": 2717890,
					"vd": -1.62
				},
				"a": null,
				"cd": "1",
				"no": 2,
				"rtUrl": null,
				"ftype": 0,
				"rtUrls": [],
				"mst": 9,
				"cp": 0,
				"mv": 0,
				"rtype": 0,
				"rurl": null
			}, {
				"name": "雨天",
				"id": 286980,
				"pst": 0,
				"t": 0,
				"ar": [
					{
						"id": 9272,
						"name": "孙燕姿",
						"tns": [],
						"alias": []
					}
				],
				"alia": [],
				"pop": 100.0,
				"st": 0,
				"rt": "600902000007332583",
				"fee": 0,
				"v": 25,
				"crbt": "4d7585e925043483b850479d33ed68e4",
				"cf": "",
				"al": {
					"id": 28519,
					"name": "经典全纪录(主打精华版)",
					"picUrl": "https://p4.music.126.net/ZpcOx5dbNTRK94vSIM20PQ==/768558627827568.jpg",
					"tns": [],
					"pic": 768558627827568
				},
				"dt": 241000,
				"h": {
					"br": 320000,
					"fid": 3312828534547587,
					"size": 9676970,
					"vd": -0.56
				},
				"m": {
					"br": 160000,
					"fid": 3312828534547588,
					"size": 4838571,
					"vd": -0.13
				},
				"l": {
					"br": 96000,
					"fid": 7764751116455940,
					"size": 2903211,
					"vd": -0.12
				},
				"a": null,
				"cd": "",
				"no": 1,
				"rtUrl": null,
				"ftype": 0,
				"rtUrls": [],
				"mst": 9,
				"cp": 7002,
				"mv": 5297570,
				"rtype": 0,
				"rurl": null
			}, {
				"name": "晴朗",
				"id": 167871,
				"pst": 0,
				"t": 0,
				"ar": [
					{
						"id": 5770,
						"name": "许巍",
						"tns": [],
						"alias": []
					}
				],
				"alia": [],
				"pop": 100.0,
				"st": 0,
				"rt": "600902000005652573",
				"fee": 8,
				"v": 23,
				"crbt": "5989bca0f9d319a9132a3df15db866b4",
				"cf": "",
				"al": {
					"id": 16954,
					"name": "在路上……",
					"picUrl": "https://p4.music.126.net/c7QlVgWioB5SKJTh1gxquQ==/69269232550737.jpg",
					"tns": [],
					"pic": 69269232550737
				},
				"dt": 365453,
				"h": {
					"br": 320000,
					"fid": 1004953627794607,
					"size": 14640650,
					"vd": -2.06
				},
				"m": {
					"br": 160000,
					"fid": 1004953627794608,
					"size": 7338382,
					"vd": -1.63
				},
				"l": {
					"br": 96000,
					"fid": 1004953627794609,
					"size": 4417056,
					"vd": -1.63
				},
				"a": null,
				"cd": "",
				"no": 1,
				"rtUrl": null,
				"ftype": 0,
				"rtUrls": [],
				"mst": 9,
				"cp": 13009,
				"mv": 378778,
				"rtype": 0,
				"rurl": null
			}, {
				"name": "下雨",
				"id": 26508231,
				"pst": 0,
				"t": 0,
				"ar": [
					{
						"id": 3681,
						"name": "李志",
						"tns": [],
						"alias": []
					}
				],
				"alia": [],
				"pop": 100.0,
				"st": 0,
				"rt": "",
				"fee": 0,
				"v": 15,
				"crbt": null,
				"cf": "",
				"al": {
					"id": 2515028,
					"name": "F",
					"picUrl": "https://p3.music.126.net/7w7pX7BKTdBcFF1AtuZC2g==/5957153999486269.jpg",
					"tns": [],
					"pic": 5957153999486269
				},
				"dt": 307014,
				"h": {
					"br": 320000,
					"fid": 3291937813661169,
					"size": 12282883,
					"vd": -2.65076E-4
				},
				"m": {
					"br": 160000,
					"fid": 7951668093649934,
					"size": 6141496,
					"vd": -2.65076E-4
				},
				"l": {
					"br": 96000,
					"fid": 3313928046216919,
					"size": 3684941,
					"vd": -2.65076E-4
				},
				"a": null,
				"cd": "",
				"no": 4,
				"rtUrl": null,
				"ftype": 0,
				"rtUrls": [],
				"mst": 9,
				"cp": 16001,
				"mv": 290194,
				"rtype": 0,
				"rurl": null
			}, {
				"name": "雨好",
				"id": 444269613,
				"pst": 0,
				"t": 0,
				"ar": [
					{
						"id": 1058228,
						"name": "陈鸿宇",
						"tns": [],
						"alias": []
					}
				],
				"alia": [],
				"pop": 100.0,
				"st": 0,
				"rt": null,
				"fee": 8,
				"v": 15,
				"crbt": null,
				"cf": "",
				"al": {
					"id": 35235270,
					"name": "一如年少模样",
					"picUrl": "https://p4.music.126.net/kaQ3Je6rHV6rtbdh2fx09A==/18607035278675860.jpg",
					"tns": [],
					"pic_str": "18607035278675860",
					"pic": 18607035278675860
				},
				"dt": 255942,
				"h": {
					"br": 320000,
					"fid": 18828037115558640,
					"size": 10240044,
					"vd": -2.65076E-4
				},
				"m": {
					"br": 160000,
					"fid": 3435973852172819,
					"size": 5120045,
					"vd": -2.65076E-4
				},
				"l": {
					"br": 96000,
					"fid": 18733479115571259,
					"size": 3072045,
					"vd": -2.65076E-4
				},
				"a": null,
				"cd": "",
				"no": 5,
				"rtUrl": null,
				"ftype": 0,
				"rtUrls": [],
				"mst": 9,
				"cp": 0,
				"mv": 0,
				"rtype": 0,
				"rurl": null
			}, {
				"name": "飘雪",
				"id": 212430,
				"pst": 0,
				"t": 0,
				"ar": [
					{
						"id": 7225,
						"name": "陈慧娴",
						"tns": [],
						"alias": []
					}
				],
				"alia": [],
				"pop": 100.0,
				"st": 0,
				"rt": "",
				"fee": 0,
				"v": 6,
				"crbt": null,
				"cf": "",
				"al": {
					"id": 21526,
					"name": "归来吧",
					"picUrl": "https://p3.music.126.net/WThDNm5hY-FLnFVLQioHwA==/75866302329250.jpg",
					"tns": [],
					"pic": 75866302329250
				},
				"dt": 239229,
				"h": {
					"br": 320000,
					"fid": 1140193558011387,
					"size": 9601714,
					"vd": -2.65076E-4
				},
				"m": {
					"br": 160000,
					"fid": 1223756441722314,
					"size": 4821307,
					"vd": -2.65076E-4
				},
				"l": {
					"br": 96000,
					"fid": 1040137999883622,
					"size": 2908725,
					"vd": -2.65076E-4
				},
				"a": null,
				"cd": "",
				"no": 8,
				"rtUrl": null,
				"ftype": 0,
				"rtUrls": [],
				"mst": 9,
				"cp": 7003,
				"mv": 5307817,
				"rtype": 0,
				"rurl": null
			}, {
				"name": "大雨",
				"id": 444269912,
				"pst": 0,
				"t": 0,
				"ar": [
					{
						"id": 6066,
						"name": "杨宗纬",
						"tns": [],
						"alias": []
					}
				],
				"alia": [
					"原唱：娃娃"
				],
				"pop": 100.0,
				"st": 0,
				"rt": null,
				"fee": 0,
				"v": 6,
				"crbt": null,
				"cf": "",
				"al": {
					"id": 35023454,
					"name": "天籁之战 第八期",
					"picUrl": "https://p4.music.126.net/64wT_RsBQRFLbpQevonxpA==/18674105488217041.jpg",
					"tns": [],
					"pic_str": "18674105488217041",
					"pic": 18674105488217041
				},
				"dt": 231313,
				"h": {
					"br": 320000,
					"fid": 18625726976035279,
					"size": 9254705,
					"vd": -3.02
				},
				"m": {
					"br": 160000,
					"fid": 18625726976035280,
					"size": 4627375,
					"vd": -2.59
				},
				"l": {
					"br": 96000,
					"fid": 18625726976035281,
					"size": 2776443,
					"vd": -2.64
				},
				"a": null,
				"cd": "",
				"no": 5,
				"rtUrl": null,
				"ftype": 0,
				"rtUrls": [],
				"mst": 9,
				"cp": 0,
				"mv": 0,
				"rtype": 0,
				"rurl": null
			}, {
				"name": "下雨天",
				"id": 368764,
				"pst": 0,
				"t": 0,
				"ar": [
					{
						"id": 12438,
						"name": "南拳妈妈",
						"tns": [],
						"alias": []
					}
				],
				"alia": [],
				"pop": 100.0,
				"st": 0,
				"rt": "600902000002550331",
				"fee": 0,
				"v": 14,
				"crbt": "4151a2893874d2537e19f53fb20da403",
				"cf": "",
				"al": {
					"id": 36524,
					"name": "优の良曲南搞小孩 (新歌+精选)",
					"picUrl": "https://p3.music.126.net/FAc-Ye02LuiOjzYP9Iv4qg==/18793952255403777.jpg",
					"tns": [],
					"pic_str": "18793952255403777",
					"pic": 18793952255403777
				},
				"dt": 253362,
				"h": {
					"br": 320000,
					"fid": 1145691116150521,
					"size": 10167120,
					"vd": -1.05
				},
				"m": {
					"br": 160000,
					"fid": 1036839465000348,
					"size": 5104590,
					"vd": -0.62
				},
				"l": {
					"br": 96000,
					"fid": 996157534772741,
					"size": 3079160,
					"vd": -0.66
				},
				"a": null,
				"cd": "",
				"no": 3,
				"rtUrl": null,
				"ftype": 0,
				"rtUrls": [],
				"mst": 9,
				"cp": 22035,
				"mv": 5293225,
				"rtype": 0,
				"rurl": null
			}, {
				"name": "龙卷风",
				"id": 29450548,
				"pst": 0,
				"t": 0,
				"ar": [
					{
						"id": 7763,
						"name": "G.E.M.邓紫棋",
						"tns": [],
						"alias": []
					}
				],
				"alia": [],
				"pop": 100.0,
				"st": 0,
				"rt": null,
				"fee": 0,
				"v": 19,
				"crbt": null,
				"cf": "",
				"al": {
					"id": 3029079,
					"name": "龙卷风",
					"picUrl": "https://p3.music.126.net/UjLNuIBU47XdHd24e3U21w==/6631154627821015.jpg",
					"tns": [],
					"pic": 6631154627821015
				},
				"dt": 248888,
				"h": {
					"br": 320000,
					"fid": 6671836558033161,
					"size": 9959974,
					"vd": -2.29
				},
				"m": {
					"br": 160000,
					"fid": 6671836558033162,
					"size": 4980514,
					"vd": -1.88
				},
				"l": {
					"br": 96000,
					"fid": 6671836558033163,
					"size": 2988729,
					"vd": -1.91
				},
				"a": null,
				"cd": "",
				"no": 1,
				"rtUrl": null,
				"ftype": 0,
				"rtUrls": [],
				"mst": 9,
				"cp": 27001,
				"mv": 348169,
				"rtype": 0,
				"rurl": null
			}, {
				"name": "过云雨",
				"id": 189207,
				"pst": 0,
				"t": 0,
				"ar": [
					{
						"id": 6462,
						"name": "张敬轩",
						"tns": [],
						"alias": []
					}
				],
				"alia": [],
				"pop": 100.0,
				"st": 0,
				"rt": "600902000008008434",
				"fee": 0,
				"v": 14,
				"crbt": "ae518cca359aee072c633b80a86e159b",
				"cf": "",
				"al": {
					"id": 19136,
					"name": "春.夏.秋.冬",
					"picUrl": "https://p4.music.126.net/WdQ-t5wMU0VbTKNmXIbrIg==/90159953489771.jpg",
					"tns": [],
					"pic": 90159953489771
				},
				"dt": 180297,
				"h": {
					"br": 320000,
					"fid": 1168780860332883,
					"size": 7243624,
					"vd": 2.72698
				},
				"m": {
					"br": 160000,
					"fid": 1168780860332884,
					"size": 3641339,
					"vd": 3.28402
				},
				"l": {
					"br": 96000,
					"fid": 1168780860332885,
					"size": 2200007,
					"vd": 3.24157
				},
				"a": null,
				"cd": "",
				"no": 1,
				"rtUrl": null,
				"ftype": 0,
				"rtUrls": [],
				"mst": 9,
				"cp": 7003,
				"mv": 5336746,
				"rtype": 0,
				"rurl": null
			}, {
				"name": "下雨了",
				"id": 32507039,
				"pst": 0,
				"t": 0,
				"ar": [
					{
						"id": 5781,
						"name": "薛之谦",
						"tns": [],
						"alias": []
					}
				],
				"alia": [],
				"pop": 100.0,
				"st": 0,
				"rt": null,
				"fee": 0,
				"v": 10,
				"crbt": null,
				"cf": "",
				"al": {
					"id": 3154175,
					"name": "绅士",
					"picUrl": "https://p4.music.126.net/qpvBqYIqkRhO9Ry2qOCdJQ==/2942293117852634.jpg",
					"tns": [],
					"pic": 2942293117852634
				},
				"dt": 305000,
				"h": {
					"br": 320000,
					"fid": 7937374441100758,
					"size": 12212810,
					"vd": -2.65076E-4
				},
				"m": {
					"br": 160000,
					"fid": 7707576511639279,
					"size": 6106427,
					"vd": 0.0
				},
				"l": {
					"br": 96000,
					"fid": 2900511676086315,
					"size": 3663874,
					"vd": -2.65076E-4
				},
				"a": null,
				"cd": "1",
				"no": 3,
				"rtUrl": null,
				"ftype": 0,
				"rtUrls": [],
				"mst": 9,
				"cp": 0,
				"mv": 421089,
				"rtype": 0,
				"rurl": null
			}, {
				"name": "东风破",
				"id": 186018,
				"pst": 0,
				"t": 0,
				"ar": [
					{
						"id": 6452,
						"name": "周杰伦",
						"tns": [],
						"alias": []
					}
				],
				"alia": [],
				"pop": 100.0,
				"st": 0,
				"rt": "600902000006889356",
				"fee": 8,
				"v": 77,
				"crbt": "e93f07bd4132712e6284529b1e1bc751",
				"cf": "",
				"al": {
					"id": 18905,
					"name": "叶惠美",
					"picUrl": "https://p4.music.126.net/RBNa1MGuuwhLWWC8J_Pyhg==/3242459793609734.jpg",
					"tns": [],
					"pic": 3242459793609734
				},
				"dt": 315000,
				"h": {
					"br": 320000,
					"fid": 7724069186226937,
					"size": 12619338,
					"vd": -2.65076E-4
				},
				"m": {
					"br": 160000,
					"fid": 3377699720585873,
					"size": 6309723,
					"vd": -2.65076E-4
				},
				"l": {
					"br": 96000,
					"fid": 7995648558718275,
					"size": 3785876,
					"vd": -2.65076E-4
				},
				"a": null,
				"cd": "",
				"no": 5,
				"rtUrl": null,
				"ftype": 0,
				"rtUrls": [],
				"mst": 9,
				"cp": 1007,
				"mv": 154070,
				"rtype": 0,
				"rurl": null
			}, {
				"name": "龙卷风",
				"id": 186160,
				"pst": 0,
				"t": 0,
				"ar": [
					{
						"id": 6452,
						"name": "周杰伦",
						"tns": [],
						"alias": []
					}
				],
				"alia": [],
				"pop": 100.0,
				"st": 0,
				"rt": "600902000006889472",
				"fee": 8,
				"v": 77,
				"crbt": "e93f07bd4132712e849cd9a7ec301155",
				"cf": "",
				"al": {
					"id": 18918,
					"name": "Jay 同名专辑",
					"picUrl": "https://p3.music.126.net/Gd-HAk9hKC85L0wNtfRs1g==/7946170535396804.jpg",
					"tns": [],
					"pic": 7946170535396804
				},
				"dt": 250360,
				"h": {
					"br": 320000,
					"fid": 7931876884323633,
					"size": 10017536,
					"vd": -1.77
				},
				"m": {
					"br": 160000,
					"fid": 7932976395951410,
					"size": 5008819,
					"vd": -1.37
				},
				"l": {
					"br": 96000,
					"fid": 7703178466379826,
					"size": 3005332,
					"vd": -1.42
				},
				"a": null,
				"cd": "",
				"no": 9,
				"rtUrl": null,
				"ftype": 0,
				"rtUrls": [],
				"mst": 9,
				"cp": 1007,
				"mv": 504988,
				"rtype": 0,
				"rurl": null
			}, {
				"name": "冷雨夜",
				"id": 346069,
				"pst": 0,
				"t": 0,
				"ar": [
					{
						"id": 11127,
						"name": "Beyond",
						"tns": [],
						"alias": []
					}
				],
				"alia": [],
				"pop": 100.0,
				"st": 0,
				"rt": "600902000005287773",
				"fee": 0,
				"v": 14,
				"crbt": null,
				"cf": "",
				"al": {
					"id": 34110,
					"name": "25周年精选",
					"picUrl": "https://p3.music.126.net/ghmbmEQS-IJfZPjdA3KGxg==/82463372084291.jpg",
					"tns": [],
					"pic": 82463372084291
				},
				"dt": 261213,
				"h": {
					"br": 320000,
					"fid": 7961563698285135,
					"size": 10451178,
					"vd": -2.51
				},
				"m": {
					"br": 160000,
					"fid": 7969260279678977,
					"size": 5225644,
					"vd": -2.1
				},
				"l": {
					"br": 96000,
					"fid": 7968160768051152,
					"size": 3135430,
					"vd": -2.13
				},
				"a": null,
				"cd": "",
				"no": 21,
				"rtUrl": null,
				"ftype": 0,
				"rtUrls": [],
				"mst": 9,
				"cp": 7003,
				"mv": 0,
				"rtype": 0,
				"rurl": null
			}, {
				"name": "在雨中",
				"id": 155984,
				"pst": 0,
				"t": 0,
				"ar": [
					{
						"id": 5347,
						"name": "汪峰",
						"tns": [],
						"alias": []
					}
				],
				"alia": [],
				"pop": 100.0,
				"st": 0,
				"rt": "600902000005314377",
				"fee": 8,
				"v": 10,
				"crbt": "13519e3ec3845e819b4c23e16ec0e935",
				"cf": "",
				"al": {
					"id": 15711,
					"name": "爱是一颗幸福的子弹",
					"picUrl": "https://p4.music.126.net/kPsFJNSYna6izLzHXziThw==/599233837149718.jpg",
					"tns": [],
					"pic": 599233837149718
				},
				"dt": 299154,
				"h": {
					"br": 320000,
					"fid": 1055531162673797,
					"size": 11985109,
					"vd": 0.575308
				},
				"m": {
					"br": 160000,
					"fid": 1084118464996252,
					"size": 6007249,
					"vd": 0.317741
				},
				"l": {
					"br": 96000,
					"fid": 1034640441746068,
					"size": 3615686,
					"vd": -2.65076E-4
				},
				"a": null,
				"cd": "",
				"no": 1,
				"rtUrl": null,
				"ftype": 0,
				"rtUrls": [],
				"mst": 9,
				"cp": 7002,
				"mv": 0,
				"rtype": 0,
				"rurl": null
			}, {
				"name": "偶阵雨",
				"id": 254039,
				"pst": 0,
				"t": 0,
				"ar": [
					{
						"id": 8325,
						"name": "梁静茹",
						"tns": [],
						"alias": []
					}
				],
				"alia": [],
				"pop": 100.0,
				"st": 0,
				"rt": "600902000009348162",
				"fee": 0,
				"v": 17,
				"crbt": "5efccfcb2cc3fa680c2b50958d717b73",
				"cf": "",
				"al": {
					"id": 25379,
					"name": "爱久见人心",
					"picUrl": "https://p3.music.126.net/vMnrAM2EONePwWhFhCoGsg==/131941395334085.jpg",
					"tns": [],
					"pic": 131941395334085
				},
				"dt": 264072,
				"h": {
					"br": 320000,
					"fid": 1036839465000899,
					"size": 10577104,
					"vd": -4.24
				},
				"m": {
					"br": 160000,
					"fid": 990659976634413,
					"size": 5300370,
					"vd": -3.81
				},
				"l": {
					"br": 96000,
					"fid": 1195169139400867,
					"size": 3189258,
					"vd": -3.78
				},
				"a": null,
				"cd": "",
				"no": 3,
				"rtUrl": null,
				"ftype": 0,
				"rtUrls": [],
				"mst": 9,
				"cp": 7003,
				"mv": 134,
				"rtype": 0,
				"rurl": null
			}, {
				"name": "路小雨",
				"id": 185852,
				"pst": 0,
				"t": 0,
				"ar": [
					{
						"id": 6452,
						"name": "周杰伦",
						"tns": [],
						"alias": []
					}
				],
				"alia": [],
				"pop": 100.0,
				"st": 0,
				"rt": "600902000006889120",
				"fee": 8,
				"v": 89,
				"crbt": "e93f07bd4132712ee58237acc0946650",
				"cf": "",
				"al": {
					"id": 18888,
					"name": "不能说的秘密 电影原声带",
					"picUrl": "https://p4.music.126.net/UAgXkK9Buq7NcFJ2fy0KhA==/84662395351539.jpg",
					"tns": [],
					"pic": 84662395351539
				},
				"dt": 99254,
				"h": {
					"br": 320000,
					"fid": 3375500697344873,
					"size": 3972921,
					"vd": 0.651833
				},
				"m": {
					"br": 160000,
					"fid": 3318326092700521,
					"size": 1986571,
					"vd": 0.824408
				},
				"l": {
					"br": 96000,
					"fid": 3361207046184185,
					"size": 1192030,
					"vd": 1.21397
				},
				"a": null,
				"cd": "",
				"no": 15,
				"rtUrl": null,
				"ftype": 0,
				"rtUrls": [],
				"mst": 9,
				"cp": 1007,
				"mv": 0,
				"rtype": 0,
				"rurl": null
			}, {
				"name": "暴风雪",
				"id": 409941812,
				"pst": 0,
				"t": 0,
				"ar": [
					{
						"id": 8753,
						"name": "李佳薇",
						"tns": [],
						"alias": []
					}
				],
				"alia": [
					"Snowstorm"
				],
				"pop": 80.0,
				"st": 0,
				"rt": null,
				"fee": 8,
				"v": 13,
				"crbt": null,
				"cf": "",
				"al": {
					"id": 34678810,
					"name": "爱的风暴",
					"picUrl": "https://p4.music.126.net/eKoZy6uRYJgej6L9uKmaYA==/1371091008938633.jpg",
					"tns": [],
					"pic": 1371091008938633
				},
				"dt": 248766,
				"h": {
					"br": 320000,
					"fid": 1387583683835643,
					"size": 9953741,
					"vd": -2.91
				},
				"m": {
					"br": 160000,
					"fid": 1395280265425214,
					"size": 4976893,
					"vd": -2.5
				},
				"l": {
					"br": 96000,
					"fid": 1383185637332259,
					"size": 2986153,
					"vd": -2.52
				},
				"a": null,
				"cd": "1",
				"no": 2,
				"rtUrl": null,
				"ftype": 0,
				"rtUrls": [],
				"mst": 9,
				"cp": 7002,
				"mv": 5323131,
				"rtype": 0,
				"rurl": null
			}, {
				"name": "转多云 - Reproduction",
				"id": 28765328,
				"pst": 0,
				"t": 0,
				"ar": [
					{
						"id": 12142,
						"name": "兰亭",
						"tns": [],
						"alias": []
					}
				],
				"alia": [],
				"pop": 60.0,
				"st": 0,
				"rt": null,
				"fee": 0,
				"v": 3,
				"crbt": null,
				"cf": "",
				"al": {
					"id": 2888203,
					"name": "到灯塔去",
					"picUrl": "https://p4.music.126.net/R5Y4USlU4yGhzE-8fxx3Zg==/6003333488054364.jpg",
					"tns": [],
					"pic": 6003333488054364
				},
				"dt": 291735,
				"h": {
					"br": 320000,
					"fid": 6044015418531490,
					"size": 11697211,
					"vd": -2.39
				},
				"m": {
					"br": 160000,
					"fid": 5915372557726810,
					"size": 5866159,
					"vd": -1.96
				},
				"l": {
					"br": 96000,
					"fid": 6051711999929490,
					"size": 3533737,
					"vd": -2.03
				},
				"a": null,
				"cd": "",
				"no": 4,
				"rtUrl": null,
				"ftype": 0,
				"rtUrls": [],
				"mst": 9,
				"cp": 0,
				"mv": 0,
				"rtype": 0,
				"rurl": null
			}, {
				"name": "暴风雨",
				"id": 31010936,
				"pst": 0,
				"t": 0,
				"ar": [
					{
						"id": 2116,
						"name": "陈奕迅",
						"tns": [],
						"alias": []
					}
				],
				"alia": [
					"电影《暴疯语》主题曲"
				],
				"pop": 100.0,
				"st": 0,
				"rt": null,
				"fee": 0,
				"v": 46,
				"crbt": null,
				"cf": "",
				"al": {
					"id": 3109376,
					"name": "暴风雨",
					"picUrl": "https://p3.music.126.net/PTG7r3UfKxfdBRwM30DIBA==/7757054534473532.jpg",
					"tns": [],
					"pic": 7757054534473532
				},
				"dt": 238000,
				"h": {
					"br": 320000,
					"fid": 7782343301909815,
					"size": 9562048,
					"vd": 0.0
				},
				"m": {
					"br": 160000,
					"fid": 7897792022855032,
					"size": 4781118,
					"vd": 0.0
				},
				"l": {
					"br": 96000,
					"fid": 7748258441452146,
					"size": 2868746,
					"vd": 0.0
				},
				"a": null,
				"cd": "",
				"no": 1,
				"rtUrl": null,
				"ftype": 0,
				"rtUrls": [],
				"mst": 9,
				"cp": 7003,
				"mv": 385730,
				"rtype": 0,
				"rurl": null
			}, {
				"name": "风继续吹",
				"id": 26620762,
				"pst": 0,
				"t": 0,
				"ar": [
					{
						"id": 6457,
						"name": "张国荣",
						"tns": [],
						"alias": []
					}
				],
				"alia": [],
				"pop": 100.0,
				"st": 0,
				"rt": "",
				"fee": 0,
				"v": 41,
				"crbt": null,
				"cf": "",
				"al": {
					"id": 2537127,
					"name": "最红",
					"picUrl": "https://p4.music.126.net/AtMpiqgluHefLF6nD_Pcug==/4417837720418086.jpg",
					"tns": [],
					"pic": 4417837720418086
				},
				"dt": 311615,
				"h": {
					"br": 320000,
					"fid": 5636096604043676,
					"size": 12478158,
					"vd": -2.65076E-4
				},
				"m": {
					"br": 160000,
					"fid": 5749346301688188,
					"size": 6250567,
					"vd": 0.111516
				},
				"l": {
					"br": 96000,
					"fid": 5640494650554717,
					"size": 3759531,
					"vd": 0.0
				},
				"a": null,
				"cd": "",
				"no": 1,
				"rtUrl": null,
				"ftype": 0,
				"rtUrls": [],
				"mst": 9,
				"cp": 5003,
				"mv": 0,
				"rtype": 0,
				"rurl": null
			}, {
				"name": "认真的雪",
				"id": 169185,
				"pst": 0,
				"t": 0,
				"ar": [
					{
						"id": 5781,
						"name": "薛之谦",
						"tns": [],
						"alias": []
					}
				],
				"alia": [],
				"pop": 100.0,
				"st": 0,
				"rt": "",
				"fee": 0,
				"v": 11,
				"crbt": "eaef3af6bba53f49555a57e068e39352",
				"cf": "",
				"al": {
					"id": 17074,
					"name": "未完成的歌",
					"picUrl": "https://p3.music.126.net/174rUbKzjQlBp8wN5q-l6Q==/897201488265660.jpg",
					"tns": [],
					"pic": 897201488265660
				},
				"dt": 255587,
				"h": {
					"br": 320000,
					"fid": 1373290035736123,
					"size": 10226460,
					"vd": 3.07
				},
				"m": {
					"br": 160000,
					"fid": 1373290035736124,
					"size": 5113253,
					"vd": 2.23809
				},
				"l": {
					"br": 96000,
					"fid": 3438172865772138,
					"size": 3067969,
					"vd": 1.96794
				},
				"a": null,
				"cd": "",
				"no": 13,
				"rtUrl": null,
				"ftype": 0,
				"rtUrls": [],
				"mst": 9,
				"cp": 7003,
				"mv": 5308148,
				"rtype": 0,
				"rurl": null
			}, {
				"name": "断桥残雪",
				"id": 167937,
				"pst": 0,
				"t": 0,
				"ar": [
					{
						"id": 5771,
						"name": "许嵩",
						"tns": [],
						"alias": []
					}
				],
				"alia": [],
				"pop": 100.0,
				"st": 0,
				"rt": "600902000009525576",
				"fee": 0,
				"v": 22,
				"crbt": "0a25e5667006a3b4adbd879b6c59a900",
				"cf": "",
				"al": {
					"id": 16960,
					"name": "断桥残雪",
					"picUrl": "https://p3.music.126.net/PEQ69_EwVpuaBmmSkAY0SQ==/58274116284456.jpg",
					"tns": [],
					"pic": 58274116284456
				},
				"dt": 227000,
				"h": {
					"br": 320000,
					"fid": 2004409697446890,
					"size": 9105724,
					"vd": 0.216326
				},
				"m": {
					"br": 160000,
					"fid": 2004409697446891,
					"size": 4565643,
					"vd": 0.317741
				},
				"l": {
					"br": 96000,
					"fid": 2004409697446892,
					"size": 2749192,
					"vd": -2.65076E-4
				},
				"a": null,
				"cd": "",
				"no": 1,
				"rtUrl": null,
				"ftype": 0,
				"rtUrls": [],
				"mst": 9,
				"cp": 0,
				"mv": 0,
				"rtype": 0,
				"rurl": null
			}, {
				"name": "小雨日记",
				"id": 29740981,
				"pst": 0,
				"t": 0,
				"ar": [
					{
						"id": 991003,
						"name": "崔跃文",
						"tns": [],
						"alias": []
					}
				],
				"alia": [],
				"pop": 100.0,
				"st": 0,
				"rt": null,
				"fee": 0,
				"v": 3,
				"crbt": null,
				"cf": "",
				"al": {
					"id": 3053857,
					"name": "小雨日记",
					"picUrl": "https://p3.music.126.net/Or-KB8rIzeBx4WY6wWPrhw==/3223768094114772.jpg",
					"tns": [],
					"pic": 3223768094114772
				},
				"dt": 285840,
				"h": {
					"br": 320000,
					"fid": 6642149744587728,
					"size": 11436575,
					"vd": -2.05
				},
				"m": {
					"br": 160000,
					"fid": 3249056861535504,
					"size": 5718815,
					"vd": -1.63
				},
				"l": {
					"br": 96000,
					"fid": 3224867605754498,
					"size": 3431711,
					"vd": -1.67
				},
				"a": null,
				"cd": "",
				"no": 0,
				"rtUrl": null,
				"ftype": 0,
				"rtUrls": [],
				"mst": 9,
				"cp": 0,
				"mv": 0,
				"rtype": 0,
				"rurl": null
			}, {
				"name": "清明雨上",
				"id": 167882,
				"pst": 0,
				"t": 0,
				"ar": [
					{
						"id": 5771,
						"name": "许嵩",
						"tns": [],
						"alias": []
					}
				],
				"alia": [],
				"pop": 100.0,
				"st": 0,
				"rt": "600902000009525656",
				"fee": 0,
				"v": 28,
				"crbt": "76dea04362394fff64690137014d88f0",
				"cf": "",
				"al": {
					"id": 16953,
					"name": "自定义",
					"picUrl": "https://p3.music.126.net/Md3RLH0fe2a_3dMDnfqoQg==/18590542604286213.jpg",
					"tns": [],
					"pic_str": "18590542604286213",
					"pic": 18590542604286213
				},
				"dt": 219000,
				"h": {
					"br": 320000,
					"fid": 7986852465631586,
					"size": 8797149,
					"vd": -2.28
				},
				"m": {
					"br": 160000,
					"fid": 7806532558293973,
					"size": 4398652,
					"vd": -1.85
				},
				"l": {
					"br": 96000,
					"fid": 7964862233075178,
					"size": 2639252,
					"vd": -1.87
				},
				"a": null,
				"cd": "",
				"no": 5,
				"rtUrl": null,
				"ftype": 0,
				"rtUrls": [],
				"mst": 9,
				"cp": 14026,
				"mv": 0,
				"rtype": 0,
				"rurl": null
			}, {
				"name": "阴天气球",
				"id": 141666,
				"pst": 0,
				"t": 0,
				"ar": [
					{
						"id": 4793,
						"name": "乔任梁",
						"tns": [],
						"alias": []
					}
				],
				"alia": [],
				"pop": 95.0,
				"st": 0,
				"rt": "",
				"fee": 0,
				"v": 11,
				"crbt": null,
				"cf": "",
				"al": {
					"id": 14130,
					"name": "钻石",
					"picUrl": "https://p4.music.126.net/zM6npgYjpme-MsdcUeT_IQ==/25288767444340.jpg",
					"tns": [],
					"pic": 25288767444340
				},
				"dt": 239840,
				"h": {
					"br": 320000,
					"fid": 3446968964194998,
					"size": 9596387,
					"vd": -4.93
				},
				"m": {
					"br": 160000,
					"fid": 3446968964194999,
					"size": 4798216,
					"vd": -4.5
				},
				"l": {
					"br": 96000,
					"fid": 3446968964195000,
					"size": 2878947,
					"vd": -4.59
				},
				"a": null,
				"cd": "",
				"no": 4,
				"rtUrl": null,
				"ftype": 0,
				"rtUrls": [],
				"mst": 9,
				"cp": 0,
				"mv": 0,
				"rtype": 0,
				"rurl": null
			}, {
				"name": "阴天假期",
				"id": 26902934,
				"pst": 0,
				"t": 0,
				"ar": [
					{
						"id": 9605,
						"name": "卫兰",
						"tns": [],
						"alias": []
					}
				],
				"alia": [],
				"pop": 100.0,
				"st": 0,
				"rt": "600902000009138795",
				"fee": 8,
				"v": 29,
				"crbt": "47250a71b7a36c857c3f2e7953f78417",
				"cf": "",
				"al": {
					"id": 2569100,
					"name": "Serving You",
					"picUrl": "https://p4.music.126.net/kfoJciI85e1e6p4jawa4yQ==/4438728441347732.jpg",
					"tns": [],
					"pic": 4438728441347732
				},
				"dt": 274000,
				"h": {
					"br": 320000,
					"fid": 3211673464740559,
					"size": 10970485,
					"vd": 0.0
				},
				"m": {
					"br": 320000,
					"fid": 3211673464740559,
					"size": 10970485,
					"vd": 0.0
				},
				"l": {
					"br": 127999,
					"fid": 3221569069390108,
					"size": 4364747,
					"vd": 0.0
				},
				"a": null,
				"cd": "",
				"no": 3,
				"rtUrl": null,
				"ftype": 0,
				"rtUrls": [],
				"mst": 9,
				"cp": 14024,
				"mv": 0,
				"rtype": 0,
				"rurl": null
			}, {
				"name": "阴天快乐",
				"id": 28563317,
				"pst": 0,
				"t": 0,
				"ar": [
					{
						"id": 2116,
						"name": "陈奕迅",
						"tns": [],
						"alias": []
					}
				],
				"alia": [],
				"pop": 100.0,
				"st": 0,
				"rt": null,
				"fee": 0,
				"v": 47,
				"crbt": "3ce8dd8625806ffa03a68031553fc215",
				"cf": "",
				"al": {
					"id": 2801259,
					"name": "rice & shine",
					"picUrl": "https://p3.music.126.net/EES1U3UVWUdt_tHyiY8XAw==/5962651557619306.jpg",
					"tns": [],
					"pic": 5962651557619306
				},
				"dt": 260480,
				"h": {
					"br": 320000,
					"fid": 6067105162467901,
					"size": 10449237,
					"vd": -0.73
				},
				"m": {
					"br": 160000,
					"fid": 6005532511314446,
					"size": 5237809,
					"vd": -0.3
				},
				"l": {
					"br": 96000,
					"fid": 6053911022934590,
					"size": 3153238,
					"vd": -0.34
				},
				"a": null,
				"cd": "2",
				"no": 4,
				"rtUrl": null,
				"ftype": 0,
				"rtUrls": [],
				"mst": 9,
				"cp": 7003,
				"mv": 377104,
				"rtype": 0,
				"rurl": null
			}, {
				"name": "雨一直下",
				"id": 190495,
				"pst": 0,
				"t": 0,
				"ar": [
					{
						"id": 6469,
						"name": "张宇",
						"tns": [],
						"alias": []
					}
				],
				"alia": [
					"台视《情深到来生》片头主题曲"
				],
				"pop": 100.0,
				"st": 0,
				"rt": "600902000005436476",
				"fee": 8,
				"v": 19,
				"crbt": "b22bf03548f1da6b1d979ff067af9984",
				"cf": "",
				"al": {
					"id": 19247,
					"name": "雨一直下",
					"picUrl": "https://p3.music.126.net/otCQ-2wUgLaEN2_W8Nf_DA==/57174604656249.jpg",
					"tns": [],
					"pic": 57174604656249
				},
				"dt": 295001,
				"h": {
					"br": 320000,
					"fid": 6631154627194861,
					"size": 11791682,
					"vd": 0.06
				},
				"m": {
					"br": 160000,
					"fid": 6637751696961469,
					"size": 5896369,
					"vd": -2.65076E-4
				},
				"l": {
					"br": 96000,
					"fid": 6624557557426969,
					"size": 3538243,
					"vd": -2.65076E-4
				},
				"a": null,
				"cd": "",
				"no": 1,
				"rtUrl": null,
				"ftype": 0,
				"rtUrls": [],
				"mst": 9,
				"cp": 13009,
				"mv": 5331419,
				"rtype": 0,
				"rurl": null
			}, {
				"name": "清风徐来",
				"id": 34586075,
				"pst": 0,
				"t": 0,
				"ar": [
					{
						"id": 9621,
						"name": "王菲",
						"tns": [],
						"alias": []
					}
				],
				"alia": [
					"电影《港囧》主题曲"
				],
				"pop": 100.0,
				"st": 0,
				"rt": null,
				"fee": 0,
				"v": 12,
				"crbt": null,
				"cf": "",
				"al": {
					"id": 3288025,
					"name": "清风徐来",
					"picUrl": "https://p4.music.126.net/HoA-JTIrGIN-0WxaGqmu8A==/3367804116560203.jpg",
					"tns": [],
					"pic": 3367804116560203
				},
				"dt": 284949,
				"h": {
					"br": 320000,
					"fid": 7964862234003004,
					"size": 11400924,
					"vd": -1.75
				},
				"m": {
					"br": 160000,
					"fid": 3300733907263217,
					"size": 5700484,
					"vd": -1.31
				},
				"l": {
					"br": 96000,
					"fid": 7975857350263370,
					"size": 3420308,
					"vd": -1.32
				},
				"a": null,
				"cd": "",
				"no": 1,
				"rtUrl": null,
				"ftype": 0,
				"rtUrls": [],
				"mst": 9,
				"cp": 0,
				"mv": 474166,
				"rtype": 0,
				"rurl": null
			}, {
				"name": "大雨将至",
				"id": 29774430,
				"pst": 0,
				"t": 0,
				"ar": [
					{
						"id": 9940,
						"name": "徐佳莹",
						"tns": [],
						"alias": []
					}
				],
				"alia": [
					"电视剧《女医明妃传》插曲"
				],
				"pop": 100.0,
				"st": 0,
				"rt": null,
				"fee": 0,
				"v": 22,
				"crbt": null,
				"cf": "",
				"al": {
					"id": 34478088,
					"name": "女医明妃传 电视原声带",
					"picUrl": "https://p3.music.126.net/c3ptfVD2PQ8hyjJtmUoPVw==/3409585561042141.jpg",
					"tns": [],
					"pic": 3409585561042141
				},
				"dt": 231779,
				"h": {
					"br": 320000,
					"fid": 1365593502439793,
					"size": 9273512,
					"vd": -2.29
				},
				"m": {
					"br": 160000,
					"fid": 1424967072095101,
					"size": 4636778,
					"vd": -1.85
				},
				"l": {
					"br": 96000,
					"fid": 3262251012854364,
					"size": 2782084,
					"vd": -1.86
				},
				"a": null,
				"cd": "1",
				"no": 1,
				"rtUrl": null,
				"ftype": 0,
				"rtUrls": [],
				"mst": 9,
				"cp": 22036,
				"mv": 371281,
				"rtype": 0,
				"rurl": null
			}, {
				"name": "乌布雷阵雨",
				"id": 138785,
				"pst": 0,
				"t": 0,
				"ar": [
					{
						"id": 4693,
						"name": "欧得洋",
						"tns": [],
						"alias": []
					}
				],
				"alia": [],
				"pop": 15.0,
				"st": 0,
				"rt": "600902000005319597",
				"fee": 0,
				"v": 4,
				"crbt": "4d7585e9250434837fe2526b93690091",
				"cf": "",
				"al": {
					"id": 13815,
					"name": "看见六色彩虹",
					"picUrl": "https://p4.music.126.net/uUbxczhM3-xbeS39TnRl5A==/18675205000088263.jpg",
					"tns": [],
					"pic_str": "18675205000088263",
					"pic": 18675205000088263
				},
				"dt": 226926,
				"h": null,
				"m": null,
				"l": {
					"br": 96000,
					"fid": 1162183790565500,
					"size": 2764907,
					"vd": 0.0
				},
				"a": null,
				"cd": "",
				"no": 9,
				"rtUrl": null,
				"ftype": 0,
				"rtUrls": [],
				"mst": 9,
				"cp": 0,
				"mv": 0,
				"rtype": 0,
				"rurl": null
			}, {
				"name": "雨下一整晚",
				"id": 185672,
				"pst": 0,
				"t": 0,
				"ar": [
					{
						"id": 6452,
						"name": "周杰伦",
						"tns": [],
						"alias": []
					}
				],
				"alia": [],
				"pop": 100.0,
				"st": 0,
				"rt": "600902000003280409",
				"fee": 8,
				"v": 82,
				"crbt": "7ddf37dca85d746f1aa68ca7d1890c1d",
				"cf": "",
				"al": {
					"id": 18875,
					"name": "跨时代",
					"picUrl": "https://p3.music.126.net/lAEi6OqsZyEl-0bk8gOnRw==/51677046511245.jpg",
					"tns": [],
					"pic": 51677046511245
				},
				"dt": 256000,
				"h": {
					"br": 320000,
					"fid": 7965961744696367,
					"size": 10255805,
					"vd": -2.65076E-4
				},
				"m": {
					"br": 160000,
					"fid": 7965961744696368,
					"size": 5127969,
					"vd": -2.65076E-4
				},
				"l": {
					"br": 96000,
					"fid": 7965961744696369,
					"size": 3076835,
					"vd": -2.65076E-4
				},
				"a": null,
				"cd": "",
				"no": 7,
				"rtUrl": null,
				"ftype": 0,
				"rtUrls": [],
				"mst": 9,
				"cp": 1007,
				"mv": 506180,
				"rtype": 0,
				"rurl": null
			}, {
				"name": "相思风雨中",
				"id": 188555,
				"pst": 0,
				"t": 0,
				"ar": [
					{
						"id": 6460,
						"name": "张学友",
						"tns": [],
						"alias": []
					}, {
						"id": 9504,
						"name": "汤宝如",
						"tns": [],
						"alias": []
					}
				],
				"alia": [
					"电视剧《出位江湖》插曲"
				],
				"pop": 100.0,
				"st": 0,
				"rt": "600902000000812213",
				"fee": 0,
				"v": 18,
				"crbt": null,
				"cf": "",
				"al": {
					"id": 19085,
					"name": "友情对唱",
					"picUrl": "https://p3.music.126.net/kPrvgceJApy65wU3fKmdTQ==/131941395349920.jpg",
					"tns": [],
					"pic": 131941395349920
				},
				"dt": 254067,
				"h": {
					"br": 320000,
					"fid": 1220457906840139,
					"size": 10183129,
					"vd": 0.0579806
				},
				"m": {
					"br": 160000,
					"fid": 1147890139407176,
					"size": 5106493,
					"vd": 0.338112
				},
				"l": {
					"br": 96000,
					"fid": 1224855953351241,
					"size": 3075421,
					"vd": 0.0566464
				},
				"a": null,
				"cd": "",
				"no": 6,
				"rtUrl": null,
				"ftype": 0,
				"rtUrls": [],
				"mst": 9,
				"cp": 7003,
				"mv": 5309333,
				"rtype": 0,
				"rurl": null
			}, {
				"name": "阴天的向日葵",
				"id": 160047,
				"pst": 0,
				"t": 0,
				"ar": [
					{
						"id": 5379,
						"name": "韦礼安",
						"tns": [],
						"alias": []
					}
				],
				"alia": [],
				"pop": 100.0,
				"st": 0,
				"rt": "",
				"fee": 8,
				"v": 34,
				"crbt": null,
				"cf": "",
				"al": {
					"id": 16059,
					"name": "首张同名全创作专辑",
					"picUrl": "https://p4.music.126.net/KqC7g9ZOyxEB9dEVoyukGQ==/74766790702955.jpg",
					"tns": [],
					"pic": 74766790702955
				},
				"dt": 292000,
				"h": {
					"br": 320000,
					"fid": 2069280883483784,
					"size": 11742779,
					"vd": -0.92
				},
				"m": {
					"br": 160000,
					"fid": 2106664278827824,
					"size": 5892396,
					"vd": -0.48
				},
				"l": {
					"br": 96000,
					"fid": 2078076976505999,
					"size": 3551825,
					"vd": -0.55
				},
				"a": null,
				"cd": "",
				"no": 8,
				"rtUrl": null,
				"ftype": 0,
				"rtUrls": [],
				"mst": 9,
				"cp": 1011,
				"mv": 5326606,
				"rtype": 0,
				"rurl": null
			}, {
				"name": "雾霾时期的爱情",
				"id": 459873397,
				"pst": 0,
				"t": 0,
				"ar": [
					{
						"id": 1185021,
						"name": "老板娘与酒客",
						"tns": [],
						"alias": []
					}
				],
				"alia": [],
				"pop": 95.0,
				"st": 0,
				"rt": null,
				"fee": 0,
				"v": 17,
				"crbt": null,
				"cf": "",
				"al": {
					"id": 35293277,
					"name": "能饮一杯无",
					"picUrl": "https://p3.music.126.net/qr43RIFY1C_CkkZI-JmcHg==/19151293532638921.jpg",
					"tns": [],
					"pic_str": "19151293532638921",
					"pic": 19151293532638921
				},
				"dt": 182259,
				"h": {
					"br": 320000,
					"fid": 18653214767080754,
					"size": 7293431,
					"vd": -1.98
				},
				"m": {
					"br": 160000,
					"fid": 19165587183797422,
					"size": 3646738,
					"vd": -1.55
				},
				"l": {
					"br": 96000,
					"fid": 18579547488005865,
					"size": 2188061,
					"vd": -1.58
				},
				"a": null,
				"cd": "",
				"no": 3,
				"rtUrl": null,
				"ftype": 0,
				"rtUrls": [],
				"mst": 9,
				"cp": 0,
				"mv": 0,
				"rtype": 0,
				"rurl": null
			}, {
				"name": "听见下雨的声音",
				"id": 29822014,
				"pst": 0,
				"t": 0,
				"ar": [
					{
						"id": 6452,
						"name": "周杰伦",
						"tns": [],
						"alias": []
					}
				],
				"alia": [],
				"pop": 100.0,
				"st": 0,
				"rt": null,
				"fee": 8,
				"v": 81,
				"crbt": null,
				"cf": "",
				"al": {
					"id": 3084335,
					"name": "哎呦，不错哦",
					"picUrl": "https://p3.music.126.net/PKQgAEm9C4T5YtTaQYo56A==/3234763211230925.jpg",
					"tns": [],
					"pic": 3234763211230925
				},
				"dt": 279276,
				"h": {
					"br": 320000,
					"fid": 2540971374352466,
					"size": 11176243,
					"vd": -0.87
				},
				"m": {
					"br": 160000,
					"fid": 3247957350936888,
					"size": 5588652,
					"vd": -0.46
				},
				"l": {
					"br": 96000,
					"fid": 3235862723062801,
					"size": 3353616,
					"vd": -0.51
				},
				"a": null,
				"cd": "",
				"no": 12,
				"rtUrl": null,
				"ftype": 0,
				"rtUrls": [],
				"mst": 9,
				"cp": 1007,
				"mv": 394168,
				"rtype": 0,
				"rurl": null
			}, {
				"name": "春雨里洗过的太阳",
				"id": 25643236,
				"pst": 0,
				"t": 0,
				"ar": [
					{
						"id": 5346,
						"name": "王力宏",
						"tns": [],
						"alias": []
					}
				],
				"alia": [],
				"pop": 100.0,
				"st": 0,
				"rt": "600902000006213239",
				"fee": 8,
				"v": 13,
				"crbt": "0a8624df4f757f3e048cfb48afe33af0",
				"cf": "",
				"al": {
					"id": 2263170,
					"name": "心·跳",
					"picUrl": "https://p4.music.126.net/vGhOOMAr5FFHeH-Ud-4RhQ==/554153860441149.jpg",
					"tns": [],
					"pic": 554153860441149
				},
				"dt": 291694,
				"h": {
					"br": 320000,
					"fid": 18735678137781402,
					"size": 11670509,
					"vd": -0.55
				},
				"m": {
					"br": 160000,
					"fid": 18570751393612468,
					"size": 5835277,
					"vd": -0.13
				},
				"l": {
					"br": 96000,
					"fid": 18585045044777011,
					"size": 3501184,
					"vd": -0.15
				},
				"a": null,
				"cd": "1",
				"no": 3,
				"rtUrl": null,
				"ftype": 0,
				"rtUrls": [],
				"mst": 9,
				"cp": 7001,
				"mv": 384362,
				"rtype": 0,
				"rurl": null
			}
		],
		"trackIds": [
			{
				"id": 404459879,
				"v": 68
			}, {
				"id": 227012,
				"v": 4
			}, {
				"id": 186016,
				"v": 78
			}, {
				"id": 276936,
				"v": 22
			}, {
				"id": 34532800,
				"v": 4
			}, {
				"id": 29777653,
				"v": 1
			}, {
				"id": 286980,
				"v": 25
			}, {
				"id": 167871,
				"v": 23
			}, {
				"id": 26508231,
				"v": 15
			}, {
				"id": 444269613,
				"v": 15
			}, {
				"id": 212430,
				"v": 6
			}, {
				"id": 444269912,
				"v": 6
			}, {
				"id": 368764,
				"v": 14
			}, {
				"id": 29450548,
				"v": 19
			}, {
				"id": 189207,
				"v": 14
			}, {
				"id": 32507039,
				"v": 10
			}, {
				"id": 186018,
				"v": 77
			}, {
				"id": 186160,
				"v": 77
			}, {
				"id": 346069,
				"v": 14
			}, {
				"id": 155984,
				"v": 10
			}, {
				"id": 254039,
				"v": 17
			}, {
				"id": 185852,
				"v": 89
			}, {
				"id": 409941812,
				"v": 13
			}, {
				"id": 28765328,
				"v": 3
			}, {
				"id": 31010936,
				"v": 46
			}, {
				"id": 26620762,
				"v": 41
			}, {
				"id": 169185,
				"v": 11
			}, {
				"id": 167937,
				"v": 22
			}, {
				"id": 29740981,
				"v": 3
			}, {
				"id": 167882,
				"v": 28
			}, {
				"id": 141666,
				"v": 11
			}, {
				"id": 26902934,
				"v": 29
			}, {
				"id": 28563317,
				"v": 47
			}, {
				"id": 190495,
				"v": 19
			}, {
				"id": 34586075,
				"v": 12
			}, {
				"id": 29774430,
				"v": 22
			}, {
				"id": 138785,
				"v": 4
			}, {
				"id": 185672,
				"v": 82
			}, {
				"id": 188555,
				"v": 18
			}, {
				"id": 160047,
				"v": 34
			}, {
				"id": 459873397,
				"v": 17
			}, {
				"id": 29822014,
				"v": 81
			}, {
				"id": 25643236,
				"v": 13
			}
		],
		"status": 0,
		"tags": [
			"华语",
			"治愈",
			"放松"
		],
		"adType": 0,
		"trackNumberUpdateTime": 1490323244554,
		"subscribedCount": 96,
		"cloudTrackCount": 0,
		"createTime": 1489975471831,
		"coverImgId": 109951162883665019,
		"trackCount": 43,
		"description": "愿你心情总能多云转晴，你愿陪我看遍云卷云舒，伴我听完这个歌单吗？\n___________\n不同的人有不同的爱好，有人喜欢下雨天在阳台看雨，感觉很惬意；\n\n有人喜欢雪后散步，感觉很浪漫；\n\n有人喜欢晴朗的夜空，因为星星很美丽；\n\n但是有的人在阴雨天时心情会和天气一样糟糕。\n\n其实换个角度看待天气变化，烦恼就没了。\n\n因为你不能改变天气，但你可以改变心情",
		"ordered": true,
		"specialType": 0,
		"updateTime": 1490323244554,
		"commentThreadId": "A_PL_0_635667436",
		"highQuality": false,
		"trackUpdateTime": 1490323257508,
		"privacy": 0,
		"newImported": false,
		"userId": 286427520,
		"playCount": 24652,
		"name": "「华语·晴雨表」愿你总能多云转晴.",
		"id": 635667436,
		"shareCount": 6,
		"coverImgId_str": "109951162883665019",
		"commentCount": 29
	},
	"code": 200,
	"privileges": [
		{
			"id": 404459879,
			"fee": 0,
			"payed": 0,
			"st": 0,
			"pl": 320000,
			"dl": 320000,
			"sp": 7,
			"cp": 1,
			"subp": 1,
			"cs": false,
			"maxbr": 320000,
			"fl": 320000,
			"toast": false,
			"flag": 0
		}, {
			"id": 227012,
			"fee": 0,
			"payed": 0,
			"st": 0,
			"pl": 320000,
			"dl": 320000,
			"sp": 7,
			"cp": 1,
			"subp": 1,
			"cs": false,
			"maxbr": 320000,
			"fl": 320000,
			"toast": false,
			"flag": 0
		}, {
			"id": 186016,
			"fee": 8,
			"payed": 0,
			"st": 0,
			"pl": 128000,
			"dl": 0,
			"sp": 7,
			"cp": 1,
			"subp": 1,
			"cs": false,
			"maxbr": 999000,
			"fl": 128000,
			"toast": false,
			"flag": 0
		}, {
			"id": 276936,
			"fee": 0,
			"payed": 0,
			"st": 0,
			"pl": 320000,
			"dl": 320000,
			"sp": 7,
			"cp": 1,
			"subp": 1,
			"cs": false,
			"maxbr": 320000,
			"fl": 320000,
			"toast": false,
			"flag": 0
		}, {
			"id": 34532800,
			"fee": 0,
			"payed": 0,
			"st": 0,
			"pl": 320000,
			"dl": 320000,
			"sp": 7,
			"cp": 1,
			"subp": 1,
			"cs": false,
			"maxbr": 999000,
			"fl": 320000,
			"toast": false,
			"flag": 0
		}, {
			"id": 29777653,
			"fee": 0,
			"payed": 0,
			"st": 0,
			"pl": 320000,
			"dl": 320000,
			"sp": 7,
			"cp": 1,
			"subp": 1,
			"cs": false,
			"maxbr": 128000,
			"fl": 320000,
			"toast": false,
			"flag": 0
		}, {
			"id": 286980,
			"fee": 0,
			"payed": 0,
			"st": 0,
			"pl": 320000,
			"dl": 320000,
			"sp": 7,
			"cp": 1,
			"subp": 1,
			"cs": false,
			"maxbr": 999000,
			"fl": 320000,
			"toast": false,
			"flag": 0
		}, {
			"id": 167871,
			"fee": 8,
			"payed": 0,
			"st": 0,
			"pl": 128000,
			"dl": 0,
			"sp": 7,
			"cp": 1,
			"subp": 1,
			"cs": false,
			"maxbr": 320000,
			"fl": 128000,
			"toast": false,
			"flag": 0
		}, {
			"id": 26508231,
			"fee": 0,
			"payed": 0,
			"st": 0,
			"pl": 320000,
			"dl": 320000,
			"sp": 7,
			"cp": 1,
			"subp": 1,
			"cs": false,
			"maxbr": 999000,
			"fl": 320000,
			"toast": false,
			"flag": 2
		}, {
			"id": 444269613,
			"fee": 8,
			"payed": 0,
			"st": 0,
			"pl": 128000,
			"dl": 0,
			"sp": 7,
			"cp": 1,
			"subp": 1,
			"cs": false,
			"maxbr": 999000,
			"fl": 128000,
			"toast": false,
			"flag": 2
		}, {
			"id": 212430,
			"fee": 0,
			"payed": 0,
			"st": 0,
			"pl": 320000,
			"dl": 320000,
			"sp": 7,
			"cp": 1,
			"subp": 1,
			"cs": false,
			"maxbr": 320000,
			"fl": 320000,
			"toast": false,
			"flag": 0
		}, {
			"id": 444269912,
			"fee": 0,
			"payed": 0,
			"st": 0,
			"pl": 320000,
			"dl": 320000,
			"sp": 7,
			"cp": 1,
			"subp": 1,
			"cs": false,
			"maxbr": 999000,
			"fl": 320000,
			"toast": false,
			"flag": 0
		}, {
			"id": 368764,
			"fee": 0,
			"payed": 0,
			"st": 0,
			"pl": 320000,
			"dl": 320000,
			"sp": 7,
			"cp": 1,
			"subp": 1,
			"cs": false,
			"maxbr": 320000,
			"fl": 320000,
			"toast": false,
			"flag": 0
		}, {
			"id": 29450548,
			"fee": 0,
			"payed": 0,
			"st": 0,
			"pl": 320000,
			"dl": 320000,
			"sp": 7,
			"cp": 1,
			"subp": 1,
			"cs": false,
			"maxbr": 999000,
			"fl": 320000,
			"toast": false,
			"flag": 0
		}, {
			"id": 189207,
			"fee": 0,
			"payed": 0,
			"st": 0,
			"pl": 320000,
			"dl": 320000,
			"sp": 7,
			"cp": 1,
			"subp": 1,
			"cs": false,
			"maxbr": 320000,
			"fl": 320000,
			"toast": false,
			"flag": 0
		}, {
			"id": 32507039,
			"fee": 0,
			"payed": 0,
			"st": 0,
			"pl": 320000,
			"dl": 320000,
			"sp": 7,
			"cp": 1,
			"subp": 1,
			"cs": false,
			"maxbr": 999000,
			"fl": 320000,
			"toast": false,
			"flag": 0
		}, {
			"id": 186018,
			"fee": 8,
			"payed": 0,
			"st": 0,
			"pl": 128000,
			"dl": 0,
			"sp": 7,
			"cp": 1,
			"subp": 1,
			"cs": false,
			"maxbr": 999000,
			"fl": 128000,
			"toast": false,
			"flag": 0
		}, {
			"id": 186160,
			"fee": 8,
			"payed": 0,
			"st": 0,
			"pl": 128000,
			"dl": 0,
			"sp": 7,
			"cp": 1,
			"subp": 1,
			"cs": false,
			"maxbr": 999000,
			"fl": 128000,
			"toast": false,
			"flag": 0
		}, {
			"id": 346069,
			"fee": 0,
			"payed": 0,
			"st": 0,
			"pl": 320000,
			"dl": 320000,
			"sp": 7,
			"cp": 1,
			"subp": 1,
			"cs": false,
			"maxbr": 999000,
			"fl": 320000,
			"toast": false,
			"flag": 0
		}, {
			"id": 155984,
			"fee": 8,
			"payed": 0,
			"st": 0,
			"pl": 128000,
			"dl": 0,
			"sp": 7,
			"cp": 1,
			"subp": 1,
			"cs": false,
			"maxbr": 320000,
			"fl": 128000,
			"toast": false,
			"flag": 0
		}, {
			"id": 254039,
			"fee": 0,
			"payed": 0,
			"st": 0,
			"pl": 320000,
			"dl": 320000,
			"sp": 7,
			"cp": 1,
			"subp": 1,
			"cs": false,
			"maxbr": 320000,
			"fl": 320000,
			"toast": false,
			"flag": 0
		}, {
			"id": 185852,
			"fee": 8,
			"payed": 0,
			"st": 0,
			"pl": 128000,
			"dl": 0,
			"sp": 7,
			"cp": 1,
			"subp": 1,
			"cs": false,
			"maxbr": 999000,
			"fl": 128000,
			"toast": false,
			"flag": 0
		}, {
			"id": 409941812,
			"fee": 8,
			"payed": 0,
			"st": 0,
			"pl": 128000,
			"dl": 0,
			"sp": 7,
			"cp": 1,
			"subp": 1,
			"cs": false,
			"maxbr": 999000,
			"fl": 128000,
			"toast": false,
			"flag": 0
		}, {
			"id": 28765328,
			"fee": 0,
			"payed": 0,
			"st": 0,
			"pl": 320000,
			"dl": 320000,
			"sp": 7,
			"cp": 1,
			"subp": 1,
			"cs": false,
			"maxbr": 320000,
			"fl": 320000,
			"toast": false,
			"flag": 0
		}, {
			"id": 31010936,
			"fee": 0,
			"payed": 0,
			"st": 0,
			"pl": 320000,
			"dl": 320000,
			"sp": 7,
			"cp": 1,
			"subp": 1,
			"cs": false,
			"maxbr": 320000,
			"fl": 320000,
			"toast": false,
			"flag": 0
		}, {
			"id": 26620762,
			"fee": 0,
			"payed": 0,
			"st": 0,
			"pl": 320000,
			"dl": 320000,
			"sp": 7,
			"cp": 1,
			"subp": 1,
			"cs": false,
			"maxbr": 320000,
			"fl": 320000,
			"toast": false,
			"flag": 0
		}, {
			"id": 169185,
			"fee": 0,
			"payed": 0,
			"st": 0,
			"pl": 320000,
			"dl": 320000,
			"sp": 7,
			"cp": 1,
			"subp": 1,
			"cs": false,
			"maxbr": 999000,
			"fl": 320000,
			"toast": false,
			"flag": 0
		}, {
			"id": 167937,
			"fee": 0,
			"payed": 0,
			"st": 0,
			"pl": 320000,
			"dl": 320000,
			"sp": 7,
			"cp": 1,
			"subp": 1,
			"cs": false,
			"maxbr": 320000,
			"fl": 320000,
			"toast": false,
			"flag": 0
		}, {
			"id": 29740981,
			"fee": 0,
			"payed": 0,
			"st": 0,
			"pl": 320000,
			"dl": 320000,
			"sp": 7,
			"cp": 1,
			"subp": 1,
			"cs": false,
			"maxbr": 320000,
			"fl": 320000,
			"toast": false,
			"flag": 0
		}, {
			"id": 167882,
			"fee": 0,
			"payed": 0,
			"st": 0,
			"pl": 320000,
			"dl": 320000,
			"sp": 7,
			"cp": 1,
			"subp": 1,
			"cs": false,
			"maxbr": 999000,
			"fl": 320000,
			"toast": false,
			"flag": 0
		}, {
			"id": 141666,
			"fee": 0,
			"payed": 0,
			"st": 0,
			"pl": 320000,
			"dl": 320000,
			"sp": 7,
			"cp": 1,
			"subp": 1,
			"cs": false,
			"maxbr": 999000,
			"fl": 320000,
			"toast": false,
			"flag": 0
		}, {
			"id": 26902934,
			"fee": 8,
			"payed": 0,
			"st": 0,
			"pl": 128000,
			"dl": 0,
			"sp": 7,
			"cp": 1,
			"subp": 1,
			"cs": false,
			"maxbr": 320000,
			"fl": 128000,
			"toast": false,
			"flag": 0
		}, {
			"id": 28563317,
			"fee": 0,
			"payed": 0,
			"st": 0,
			"pl": 320000,
			"dl": 320000,
			"sp": 7,
			"cp": 1,
			"subp": 1,
			"cs": false,
			"maxbr": 999000,
			"fl": 320000,
			"toast": false,
			"flag": 0
		}, {
			"id": 190495,
			"fee": 8,
			"payed": 0,
			"st": 0,
			"pl": 128000,
			"dl": 0,
			"sp": 7,
			"cp": 1,
			"subp": 1,
			"cs": false,
			"maxbr": 999000,
			"fl": 128000,
			"toast": false,
			"flag": 0
		}, {
			"id": 34586075,
			"fee": 0,
			"payed": 0,
			"st": 0,
			"pl": 320000,
			"dl": 320000,
			"sp": 7,
			"cp": 1,
			"subp": 1,
			"cs": false,
			"maxbr": 999000,
			"fl": 320000,
			"toast": false,
			"flag": 0
		}, {
			"id": 29774430,
			"fee": 0,
			"payed": 0,
			"st": 0,
			"pl": 320000,
			"dl": 320000,
			"sp": 7,
			"cp": 1,
			"subp": 1,
			"cs": false,
			"maxbr": 999000,
			"fl": 320000,
			"toast": false,
			"flag": 0
		}, {
			"id": 138785,
			"fee": 0,
			"payed": 0,
			"st": 0,
			"pl": 320000,
			"dl": 320000,
			"sp": 7,
			"cp": 1,
			"subp": 1,
			"cs": false,
			"maxbr": 128000,
			"fl": 320000,
			"toast": false,
			"flag": 0
		}, {
			"id": 185672,
			"fee": 8,
			"payed": 0,
			"st": 0,
			"pl": 128000,
			"dl": 0,
			"sp": 7,
			"cp": 1,
			"subp": 1,
			"cs": false,
			"maxbr": 999000,
			"fl": 128000,
			"toast": false,
			"flag": 0
		}, {
			"id": 188555,
			"fee": 0,
			"payed": 0,
			"st": 0,
			"pl": 320000,
			"dl": 320000,
			"sp": 7,
			"cp": 1,
			"subp": 1,
			"cs": false,
			"maxbr": 320000,
			"fl": 320000,
			"toast": false,
			"flag": 0
		}, {
			"id": 160047,
			"fee": 8,
			"payed": 0,
			"st": 0,
			"pl": 128000,
			"dl": 0,
			"sp": 7,
			"cp": 1,
			"subp": 1,
			"cs": false,
			"maxbr": 320000,
			"fl": 128000,
			"toast": false,
			"flag": 0
		}, {
			"id": 459873397,
			"fee": 0,
			"payed": 0,
			"st": 0,
			"pl": 320000,
			"dl": 320000,
			"sp": 7,
			"cp": 1,
			"subp": 1,
			"cs": false,
			"maxbr": 999000,
			"fl": 320000,
			"toast": false,
			"flag": 0
		}, {
			"id": 29822014,
			"fee": 8,
			"payed": 0,
			"st": 0,
			"pl": 128000,
			"dl": 0,
			"sp": 7,
			"cp": 1,
			"subp": 1,
			"cs": false,
			"maxbr": 999000,
			"fl": 128000,
			"toast": false,
			"flag": 0
		}, {
			"id": 25643236,
			"fee": 8,
			"payed": 0,
			"st": 0,
			"pl": 128000,
			"dl": 0,
			"sp": 7,
			"cp": 1,
			"subp": 1,
			"cs": false,
			"maxbr": 999000,
			"fl": 128000,
			"toast": false,
			"flag": 0
		}
	]
}