{
	"playlist": {
		"subscribers": [],
		"subscribed": false,
		"creator": {
			"defaultAvatar": false,
			"province": 230000,
			"authStatus": 0,
			"followed": false,
			"avatarUrl": "https://p1.music.126.net/mPeImUBPkwuJqaEo08XUAQ==/19200771555870391.jpg",
			"accountStatus": 0,
			"gender": 0,
			"city": 230100,
			"birthday": 880819200000,
			"userId": 367878910,
			"userType": 0,
			"nickname": "星星挂满半边天c",
			"signature": "怀旧很好。",
			"description": "",
			"detailDescription": "",
			"avatarImgId": 19200771555870391,
			"backgroundImgId": 18532268487871076,
			"backgroundUrl": "https://p1.music.126.net/w8aIvKr7JpQwj-StkM8VhQ==/18532268487871076.jpg",
			"authority": 0,
			"mutual": false,
			"expertTags": null,
			"djStatus": 10,
			"vipType": 0,
			"remarkName": null,
			"avatarImgIdStr": "19200771555870391",
			"backgroundImgIdStr": "18532268487871076",
			"avatarImgId_str": "19200771555870391"
		},
		"tracks": [
			{
				"name": "画 (Live Piano Session II)",
				"id": 412911436,
				"pst": 0,
				"t": 0,
				"ar": [
					{
						"id": 7763,
						"name": "G.E.M.邓紫棋",
						"tns": [],
						"alias": []
					}
				],
				"alia": [],
				"pop": 100.0,
				"st": 0,
				"rt": null,
				"fee": 0,
				"v": 12,
				"crbt": null,
				"cf": "",
				"al": {
					"id": 34678769,
					"name": "再见",
					"picUrl": "https://p3.music.126.net/fouKnh_hQKyyaCZ2PIQUEA==/1410673427960641.jpg",
					"tns": [],
					"pic": 1410673427960641
				},
				"dt": 168739,
				"h": {
					"br": 320000,
					"fid": 1369991498578665,
					"size": 6752173,
					"vd": 0.10427
				},
				"m": {
					"br": 160000,
					"fid": 1405175870374977,
					"size": 3376109,
					"vd": 0.492153
				},
				"l": {
					"br": 96000,
					"fid": 1394180754698877,
					"size": 2025683,
					"vd": 0.498047
				},
				"a": null,
				"cd": "1",
				"no": 2,
				"rtUrl": null,
				"ftype": 0,
				"rtUrls": [],
				"mst": 9,
				"cp": 0,
				"mv": 5323472,
				"rtype": 0,
				"rurl": null
			}, {
				"name": "飞",
				"id": 436346799,
				"pst": 0,
				"t": 0,
				"ar": [
					{
						"id": 9489,
						"name": "谭维维",
						"tns": [],
						"alias": []
					}
				],
				"alia": [],
				"pop": 100.0,
				"st": 0,
				"rt": null,
				"fee": 0,
				"v": 2,
				"crbt": null,
				"cf": "",
				"al": {
					"id": 34944064,
					"name": "秋收",
					"picUrl": "https://p4.music.126.net/WNbLjWWjtwIKMVCCazLilw==/3302932935828183.jpg",
					"tns": [],
					"pic": 3302932935828183
				},
				"dt": 295945,
				"h": {
					"br": 320000,
					"fid": 3413983639693361,
					"size": 11840827,
					"vd": 0.420632
				},
				"m": {
					"br": 160000,
					"fid": 18817041998503452,
					"size": 5920436,
					"vd": 0.212794
				},
				"l": {
					"br": 96000,
					"fid": 18817041998503453,
					"size": 3552280,
					"vd": 0.24082
				},
				"a": null,
				"cd": "",
				"no": 1,
				"rtUrl": null,
				"ftype": 0,
				"rtUrls": [],
				"mst": 9,
				"cp": 12007,
				"mv": 0,
				"rtype": 0,
				"rurl": null
			}, {
				"name": "默",
				"id": 31473269,
				"pst": 0,
				"t": 0,
				"ar": [
					{
						"id": 9061,
						"name": "那英",
						"tns": [],
						"alias": []
					}
				],
				"alia": [
					"电影《何以笙箫默》主题插曲"
				],
				"pop": 100.0,
				"st": 0,
				"rt": null,
				"fee": 0,
				"v": 6,
				"crbt": null,
				"cf": "",
				"al": {
					"id": 3122021,
					"name": "默",
					"picUrl": "https://p3.music.126.net/QoxZfieoPBb096HDahCwrQ==/18698294743793765.jpg",
					"tns": [],
					"pic_str": "18698294743793765",
					"pic": 18698294743793765
				},
				"dt": 325000,
				"h": {
					"br": 320000,
					"fid": 2904909721106759,
					"size": 13036190,
					"vd": 0.0
				},
				"m": {
					"br": 160000,
					"fid": 2921402395522908,
					"size": 6518117,
					"vd": 0.0
				},
				"l": {
					"br": 96000,
					"fid": 2920302883895034,
					"size": 3910888,
					"vd": 0.0
				},
				"a": null,
				"cd": "",
				"no": 1,
				"rtUrl": null,
				"ftype": 0,
				"rtUrls": [],
				"mst": 9,
				"cp": 0,
				"mv": 397001,
				"rtype": 0,
				"rurl": null
			}, {
				"name": "花",
				"id": 307611,
				"pst": 0,
				"t": 0,
				"ar": [
					{
						"id": 9947,
						"name": "萧萧",
						"tns": [],
						"alias": []
					}
				],
				"alia": [],
				"pop": 95.0,
				"st": 0,
				"rt": "",
				"fee": 0,
				"v": 11,
				"crbt": null,
				"cf": "",
				"al": {
					"id": 30546,
					"name": "Beautiful Angel",
					"picUrl": "https://p3.music.126.net/kJeuybuAUNtguLfd93toDg==/39582418614545.jpg",
					"tns": [],
					"pic": 39582418614545
				},
				"dt": 204453,
				"h": {
					"br": 320000,
					"fid": 6664139976064936,
					"size": 8182599,
					"vd": 0.0
				},
				"m": {
					"br": 160000,
					"fid": 6674035580715438,
					"size": 4091824,
					"vd": 0.0
				},
				"l": {
					"br": 96000,
					"fid": 6637751696996999,
					"size": 2455514,
					"vd": 0.0
				},
				"a": null,
				"cd": "",
				"no": 3,
				"rtUrl": null,
				"ftype": 0,
				"rtUrls": [],
				"mst": 9,
				"cp": 0,
				"mv": 0,
				"rtype": 0,
				"rurl": null
			}, {
				"name": "气球",
				"id": 306626,
				"pst": 0,
				"t": 0,
				"ar": [
					{
						"id": 9938,
						"name": "许哲佩",
						"tns": [],
						"alias": []
					}
				],
				"alia": [],
				"pop": 100.0,
				"st": 0,
				"rt": "",
				"fee": 0,
				"v": 2,
				"crbt": null,
				"cf": "",
				"al": {
					"id": 30448,
					"name": "气球",
					"picUrl": "https://p4.music.126.net/3cELf_6PgkNoTqCdZE6jwg==/90159953494888.jpg",
					"tns": [],
					"pic": 90159953494888
				},
				"dt": 257411,
				"h": {
					"br": 320000,
					"fid": 1352399302172417,
					"size": 10320269,
					"vd": 0.0641205
				},
				"m": {
					"br": 160000,
					"fid": 1307319325433867,
					"size": 5180906,
					"vd": 0.325443
				},
				"l": {
					"br": 96000,
					"fid": 1327110534733438,
					"size": 3121203,
					"vd": -2.65076E-4
				},
				"a": null,
				"cd": "",
				"no": 2,
				"rtUrl": null,
				"ftype": 0,
				"rtUrls": [],
				"mst": 9,
				"cp": 0,
				"mv": 0,
				"rtype": 0,
				"rurl": null
			}, {
				"name": "精灵",
				"id": 406730773,
				"pst": 0,
				"t": 0,
				"ar": [
					{
						"id": 1193259,
						"name": "苏运莹",
						"tns": [],
						"alias": []
					}
				],
				"alia": [],
				"pop": 90.0,
				"st": 0,
				"rt": null,
				"fee": 8,
				"v": 7,
				"crbt": null,
				"cf": "",
				"al": {
					"id": 34559267,
					"name": "冥明",
					"picUrl": "https://p4.music.126.net/NpRHL_AZuRsCfSYSj22tIg==/1422768049438798.jpg",
					"tns": [],
					"pic": 1422768049438798
				},
				"dt": 230226,
				"h": {
					"br": 320000,
					"fid": 1418370002961442,
					"size": 9211863,
					"vd": -0.63
				},
				"m": {
					"br": 160000,
					"fid": 1401877328541603,
					"size": 4605954,
					"vd": -0.2
				},
				"l": {
					"br": 96000,
					"fid": 1405175863409081,
					"size": 2763590,
					"vd": -0.17
				},
				"a": null,
				"cd": "",
				"no": 3,
				"rtUrl": null,
				"ftype": 0,
				"rtUrls": [],
				"mst": 9,
				"cp": 21001,
				"mv": 5363589,
				"rtype": 0,
				"rurl": null
			}, {
				"name": "热情",
				"id": 28935298,
				"pst": 0,
				"t": 0,
				"ar": [
					{
						"id": 9548,
						"name": "田馥甄",
						"tns": [],
						"alias": []
					}
				],
				"alia": [],
				"pop": 100.0,
				"st": 0,
				"rt": null,
				"fee": 0,
				"v": 4,
				"crbt": null,
				"cf": "",
				"al": {
					"id": 2948183,
					"name": "热情",
					"picUrl": "https://p4.music.126.net/dedfj8nMbd8BX496GuJcjA==/8892850045535592.jpg",
					"tns": [],
					"pic": 8892850045535592
				},
				"dt": 259409,
				"h": {
					"br": 320000,
					"fid": 8885153464139606,
					"size": 10381066,
					"vd": -0.66
				},
				"m": {
					"br": 160000,
					"fid": 8893949557163848,
					"size": 5191059,
					"vd": -0.22
				},
				"l": {
					"br": 96000,
					"fid": 8900546626931025,
					"size": 3115055,
					"vd": -0.29
				},
				"a": null,
				"cd": "",
				"no": 0,
				"rtUrl": null,
				"ftype": 0,
				"rtUrls": [],
				"mst": 9,
				"cp": 0,
				"mv": 324037,
				"rtype": 0,
				"rurl": null
			}, {
				"name": "孩子",
				"id": 28029339,
				"pst": 0,
				"t": 0,
				"ar": [
					{
						"id": 10582,
						"name": "朱婧汐",
						"tns": [],
						"alias": []
					}
				],
				"alia": [],
				"pop": 80.0,
				"st": 0,
				"rt": "600907000002307915",
				"fee": 0,
				"v": 14,
				"crbt": "3c19a2fc662eeda1e00c13b5295d8ff7",
				"cf": "",
				"al": {
					"id": 2716050,
					"name": "孩子",
					"picUrl": "https://p3.music.126.net/aYyZDD1MBQSxtkz77DEDmg==/5785630185406971.jpg",
					"tns": [],
					"pic": 5785630185406971
				},
				"dt": 246334,
				"h": {
					"br": 320000,
					"fid": 5799923836568549,
					"size": 9780893,
					"vd": -2.65076E-4
				},
				"m": {
					"br": 160000,
					"fid": 5799923836568550,
					"size": 4903310,
					"vd": -2.65076E-4
				},
				"l": {
					"br": 96000,
					"fid": 5808719929590845,
					"size": 2952277,
					"vd": -2.65076E-4
				},
				"a": null,
				"cd": "",
				"no": 1,
				"rtUrl": null,
				"ftype": 0,
				"rtUrls": [],
				"mst": 9,
				"cp": 0,
				"mv": 231050,
				"rtype": 0,
				"rurl": null
			}, {
				"name": "心墙",
				"id": 233866,
				"pst": 0,
				"t": 0,
				"ar": [
					{
						"id": 7760,
						"name": "郭静",
						"tns": [],
						"alias": []
					}
				],
				"alia": [],
				"pop": 100.0,
				"st": 0,
				"rt": "",
				"fee": 8,
				"v": 69,
				"crbt": "45ca67c3d52ba0ca6b721f409d0f222e",
				"cf": "",
				"al": {
					"id": 23488,
					"name": "在树上唱歌",
					"picUrl": "https://p4.music.126.net/w7J5u3da4k6eyybQfPXdww==/109951162794808.jpg",
					"tns": [],
					"pic": 109951162794808
				},
				"dt": 227265,
				"h": {
					"br": 320000,
					"fid": 1087416999879520,
					"size": 9124011,
					"vd": -2.44
				},
				"m": {
					"br": 160000,
					"fid": 1106108697551464,
					"size": 4582885,
					"vd": -2.02
				},
				"l": {
					"br": 96000,
					"fid": 1108307720807018,
					"size": 2766016,
					"vd": -2.03
				},
				"a": null,
				"cd": "",
				"no": 3,
				"rtUrl": null,
				"ftype": 0,
				"rtUrls": [],
				"mst": 9,
				"cp": 1011,
				"mv": 286028,
				"rtype": 0,
				"rurl": null
			}, {
				"name": "房间",
				"id": 27867140,
				"pst": 0,
				"t": 0,
				"ar": [
					{
						"id": 840134,
						"name": "刘瑞琦",
						"tns": [],
						"alias": []
					}
				],
				"alia": [],
				"pop": 100.0,
				"st": 0,
				"rt": "",
				"fee": 0,
				"v": 9,
				"crbt": null,
				"cf": "",
				"al": {
					"id": 2685311,
					"name": "房间",
					"picUrl": "https://p3.music.126.net/hOr_kcXuEDIsQ0JK1HOewQ==/5698768766875669.jpg",
					"tns": [],
					"pic": 5698768766875669
				},
				"dt": 265769,
				"h": {
					"br": 320000,
					"fid": 7945071023884078,
					"size": 10633007,
					"vd": -1.54
				},
				"m": {
					"br": 160000,
					"fid": 7946170535511855,
					"size": 5316567,
					"vd": -1.08
				},
				"l": {
					"br": 96000,
					"fid": 3253454906690339,
					"size": 3189991,
					"vd": -1.08
				},
				"a": null,
				"cd": "",
				"no": 1,
				"rtUrl": null,
				"ftype": 0,
				"rtUrls": [],
				"mst": 9,
				"cp": 22002,
				"mv": 0,
				"rtype": 0,
				"rurl": null
			}, {
				"name": "听海",
				"id": 28314060,
				"pst": 0,
				"t": 0,
				"ar": [
					{
						"id": 10559,
						"name": "张惠妹",
						"tns": [],
						"alias": []
					}
				],
				"alia": [],
				"pop": 100.0,
				"st": 0,
				"rt": "",
				"fee": 8,
				"v": 20,
				"crbt": "2bfa19fbea2630a4af1e243ccaac4386",
				"cf": "",
				"al": {
					"id": 2773005,
					"name": "我最亲爱的张惠妹-给自己的精选",
					"picUrl": "https://p4.music.126.net/ckbqfjZm45531OFvkDHWwQ==/5881287697154027.jpg",
					"tns": [],
					"pic": 5881287697154027
				},
				"dt": 318626,
				"h": {
					"br": 320000,
					"fid": 5895581348317907,
					"size": 12782246,
					"vd": 0.0
				},
				"m": {
					"br": 160000,
					"fid": 5895581348317908,
					"size": 6407847,
					"vd": -2.65076E-4
				},
				"l": {
					"br": 96000,
					"fid": 5895581348317909,
					"size": 3858087,
					"vd": -2.65076E-4
				},
				"a": null,
				"cd": "",
				"no": 38,
				"rtUrl": null,
				"ftype": 0,
				"rtUrls": [],
				"mst": 9,
				"cp": 7002,
				"mv": 5330369,
				"rtype": 0,
				"rurl": null
			}, {
				"name": "敢伤",
				"id": 28912180,
				"pst": 0,
				"t": 0,
				"ar": [
					{
						"id": 9945,
						"name": "萧亚轩",
						"tns": [],
						"alias": []
					}
				],
				"alia": [],
				"pop": 100.0,
				"st": 0,
				"rt": null,
				"fee": 8,
				"v": 9,
				"crbt": "b957432baaac42d8f4dcdbeeaa4db858",
				"cf": "",
				"al": {
					"id": 2897160,
					"name": "不解释亲吻",
					"picUrl": "https://p4.music.126.net/WIu29Z0zIHdPi2zL0kTfTQ==/8990706580383004.jpg",
					"tns": [],
					"pic": 8990706580383004
				},
				"dt": 250933,
				"h": {
					"br": 320000,
					"fid": 8943427580377232,
					"size": 10042519,
					"vd": -1.29
				},
				"m": {
					"br": 160000,
					"fid": 8943427580377233,
					"size": 5021785,
					"vd": -0.87
				},
				"l": {
					"br": 96000,
					"fid": 8943427580377234,
					"size": 3013491,
					"vd": -0.96
				},
				"a": null,
				"cd": "1",
				"no": 3,
				"rtUrl": null,
				"ftype": 0,
				"rtUrls": [],
				"mst": 9,
				"cp": 0,
				"mv": 322017,
				"rtype": 0,
				"rurl": null
			}, {
				"name": "左边",
				"id": 22740077,
				"pst": 0,
				"t": 0,
				"ar": [
					{
						"id": 10199,
						"name": "杨丞琳",
						"tns": [],
						"alias": []
					}
				],
				"alia": [],
				"pop": 100.0,
				"st": 0,
				"rt": "600902000005314891",
				"fee": 8,
				"v": 9,
				"crbt": null,
				"cf": "",
				"al": {
					"id": 2088097,
					"name": "Whimsical World Collection",
					"picUrl": "https://p3.music.126.net/Bs1QSZie0p1yM6hH_eqw-w==/758663023207500.jpg",
					"tns": [],
					"pic": 758663023207500
				},
				"dt": 275174,
				"h": {
					"br": 320000,
					"fid": 1274333976605665,
					"size": 11031849,
					"vd": -2.65076E-4
				},
				"m": {
					"br": 160000,
					"fid": 1240249116145259,
					"size": 5533597,
					"vd": -2.65076E-4
				},
				"l": {
					"br": 96000,
					"fid": 1354598325433959,
					"size": 3333877,
					"vd": -2.65076E-4
				},
				"a": null,
				"cd": "",
				"no": 4,
				"rtUrl": null,
				"ftype": 0,
				"rtUrls": [],
				"mst": 9,
				"cp": 7001,
				"mv": 5297574,
				"rtype": 0,
				"rurl": null
			}, {
				"name": "红豆",
				"id": 299757,
				"pst": 0,
				"t": 0,
				"ar": [
					{
						"id": 9621,
						"name": "王菲",
						"tns": [],
						"alias": []
					}
				],
				"alia": [],
				"pop": 100.0,
				"st": 0,
				"rt": "600902000009274126",
				"fee": 0,
				"v": 22,
				"crbt": null,
				"cf": "",
				"al": {
					"id": 29711,
					"name": "Eyes On Me",
					"picUrl": "https://p4.music.126.net/wv-iUYa1jiTr4j1XonnTyg==/898300999893400.jpg",
					"tns": [],
					"pic": 898300999893400
				},
				"dt": 260666,
				"h": {
					"br": 320000,
					"fid": 3258952464806751,
					"size": 10429275,
					"vd": -0.44
				},
				"m": {
					"br": 160000,
					"fid": 7835119860630728,
					"size": 5214713,
					"vd": -0.01
				},
				"l": {
					"br": 96000,
					"fid": 7931876884337720,
					"size": 3128888,
					"vd": -0.1
				},
				"a": null,
				"cd": "",
				"no": 2,
				"rtUrl": null,
				"ftype": 0,
				"rtUrls": [],
				"mst": 9,
				"cp": 0,
				"mv": 5436053,
				"rtype": 0,
				"rurl": null
			}, {
				"name": "怎样",
				"id": 224000,
				"pst": 0,
				"t": 0,
				"ar": [
					{
						"id": 7535,
						"name": "戴佩妮",
						"tns": [],
						"alias": []
					}
				],
				"alia": [],
				"pop": 100.0,
				"st": 0,
				"rt": "600902000004885776",
				"fee": 8,
				"v": 11,
				"crbt": null,
				"cf": "",
				"al": {
					"id": 22634,
					"name": "怎样",
					"picUrl": "https://p3.music.126.net/U-0qobZAtfxplzArDlXQiQ==/6655343883007883.jpg",
					"tns": [],
					"pic": 6655343883007883
				},
				"dt": 271412,
				"h": {
					"br": 320000,
					"fid": 6663040464404328,
					"size": 10849180,
					"vd": -2.65076E-4
				},
				"m": {
					"br": 160000,
					"fid": 6672936069051705,
					"size": 5425116,
					"vd": -2.65076E-4
				},
				"l": {
					"br": 96000,
					"fid": 6642149743471745,
					"size": 3255490,
					"vd": -2.65076E-4
				},
				"a": null,
				"cd": "",
				"no": 6,
				"rtUrl": null,
				"ftype": 0,
				"rtUrls": [],
				"mst": 9,
				"cp": 13009,
				"mv": 0,
				"rtype": 0,
				"rurl": null
			}, {
				"name": "三字言",
				"id": 34731033,
				"pst": 0,
				"t": 0,
				"ar": [
					{
						"id": 1047130,
						"name": "李想Evelyn",
						"tns": [],
						"alias": []
					}
				],
				"alia": [],
				"pop": 100.0,
				"st": 0,
				"rt": "",
				"fee": 0,
				"v": 19,
				"crbt": null,
				"cf": "",
				"al": {
					"id": 3212380,
					"name": "三字言",
					"picUrl": "https://p3.music.126.net/RczNUFl3pcfS147az0Zf0g==/109951162815749660.jpg",
					"tns": [],
					"pic_str": "109951162815749660",
					"pic": 109951162815749660
				},
				"dt": 236288,
				"h": {
					"br": 320000,
					"fid": 18675204999813360,
					"size": 9454280,
					"vd": -0.94
				},
				"m": {
					"br": 160000,
					"fid": 18730180580634547,
					"size": 4727163,
					"vd": -0.51
				},
				"l": {
					"br": 96000,
					"fid": 18806046882953105,
					"size": 2836316,
					"vd": -0.52
				},
				"a": null,
				"cd": "",
				"no": 2,
				"rtUrl": null,
				"ftype": 0,
				"rtUrls": [],
				"mst": 9,
				"cp": 0,
				"mv": 0,
				"rtype": 0,
				"rurl": null
			}, {
				"name": "怕寂寞",
				"id": 319747,
				"pst": 0,
				"t": 0,
				"ar": [
					{
						"id": 10228,
						"name": "雁卿",
						"tns": [],
						"alias": []
					}
				],
				"alia": [],
				"pop": 95.0,
				"st": 0,
				"rt": "",
				"fee": 0,
				"v": 1,
				"crbt": null,
				"cf": "",
				"al": {
					"id": 31626,
					"name": "Magic",
					"picUrl": "https://p4.music.126.net/is_hqQ4Ae8tfYGcuq7YJxg==/39582418614891.jpg",
					"tns": [],
					"pic": 39582418614891
				},
				"dt": 213185,
				"h": {
					"br": 192000,
					"fid": 1892259511455712,
					"size": 5135304,
					"vd": -1.68
				},
				"m": {
					"br": 160000,
					"fid": 5738351185447749,
					"size": 4299726,
					"vd": -1.26
				},
				"l": {
					"br": 96000,
					"fid": 3197379813653923,
					"size": 2593825,
					"vd": -1.27
				},
				"a": null,
				"cd": "",
				"no": 3,
				"rtUrl": null,
				"ftype": 0,
				"rtUrls": [],
				"mst": 9,
				"cp": 0,
				"mv": 0,
				"rtype": 0,
				"rurl": null
			}, {
				"name": "下雨天",
				"id": 368764,
				"pst": 0,
				"t": 0,
				"ar": [
					{
						"id": 12438,
						"name": "南拳妈妈",
						"tns": [],
						"alias": []
					}
				],
				"alia": [],
				"pop": 100.0,
				"st": 0,
				"rt": "600902000002550331",
				"fee": 0,
				"v": 14,
				"crbt": "4151a2893874d2537e19f53fb20da403",
				"cf": "",
				"al": {
					"id": 36524,
					"name": "优の良曲南搞小孩 (新歌+精选)",
					"picUrl": "https://p4.music.126.net/FAc-Ye02LuiOjzYP9Iv4qg==/18793952255403777.jpg",
					"tns": [],
					"pic_str": "18793952255403777",
					"pic": 18793952255403777
				},
				"dt": 253362,
				"h": {
					"br": 320000,
					"fid": 1145691116150521,
					"size": 10167120,
					"vd": -1.05
				},
				"m": {
					"br": 160000,
					"fid": 1036839465000348,
					"size": 5104590,
					"vd": -0.62
				},
				"l": {
					"br": 96000,
					"fid": 996157534772741,
					"size": 3079160,
					"vd": -0.66
				},
				"a": null,
				"cd": "",
				"no": 3,
				"rtUrl": null,
				"ftype": 0,
				"rtUrls": [],
				"mst": 9,
				"cp": 22035,
				"mv": 5293225,
				"rtype": 0,
				"rurl": null
			}, {
				"name": "疑心病",
				"id": 405599470,
				"pst": 0,
				"t": 0,
				"ar": [
					{
						"id": 9255,
						"name": "任然",
						"tns": [],
						"alias": []
					}
				],
				"alia": [],
				"pop": 100.0,
				"st": 0,
				"rt": null,
				"fee": 8,
				"v": 2,
				"crbt": null,
				"cf": "",
				"al": {
					"id": 34527511,
					"name": "从小到大",
					"picUrl": "https://p4.music.126.net/L8SZ53Nf5le4JDvG6qVB6g==/1424967072083597.jpg",
					"tns": [],
					"pic": 1424967072083597
				},
				"dt": 292241,
				"h": {
					"br": 320000,
					"fid": 1406275374399145,
					"size": 11692451,
					"vd": -2.31
				},
				"m": {
					"br": 160000,
					"fid": 1406275374399146,
					"size": 5846248,
					"vd": -1.87
				},
				"l": {
					"br": 96000,
					"fid": 1406275374399147,
					"size": 3507766,
					"vd": -1.91
				},
				"a": null,
				"cd": "",
				"no": 4,
				"rtUrl": null,
				"ftype": 0,
				"rtUrls": [],
				"mst": 9,
				"cp": 0,
				"mv": 0,
				"rtype": 0,
				"rurl": null
			}, {
				"name": "童话镇",
				"id": 432506345,
				"pst": 0,
				"t": 0,
				"ar": [
					{
						"id": 1137098,
						"name": "陈一发儿",
						"tns": [],
						"alias": []
					}
				],
				"alia": [],
				"pop": 100.0,
				"st": 0,
				"rt": null,
				"fee": 0,
				"v": 1,
				"crbt": null,
				"cf": "",
				"al": {
					"id": 34898300,
					"name": "童话镇",
					"picUrl": "https://p3.music.126.net/tfa811GLreJI_S0h9epqRA==/3394192426154346.jpg",
					"tns": [],
					"pic": 3394192426154346
				},
				"dt": 257914,
				"h": {
					"br": 320000,
					"fid": 1375489062254621,
					"size": 10319456,
					"vd": -2.87
				},
				"m": {
					"br": 160000,
					"fid": 1375489062254622,
					"size": 5159751,
					"vd": -2.42
				},
				"l": {
					"br": 96000,
					"fid": 1375489062254623,
					"size": 3095868,
					"vd": -2.44
				},
				"a": null,
				"cd": "",
				"no": 0,
				"rtUrl": null,
				"ftype": 0,
				"rtUrls": [],
				"mst": 9,
				"cp": 0,
				"mv": 0,
				"rtype": 0,
				"rurl": null
			}, {
				"name": "是时候",
				"id": 406737372,
				"pst": 0,
				"t": 0,
				"ar": [
					{
						"id": 9272,
						"name": "孙燕姿",
						"tns": [],
						"alias": []
					}
				],
				"alia": [],
				"pop": 90.0,
				"st": 0,
				"rt": null,
				"fee": 0,
				"v": 1,
				"crbt": null,
				"cf": "",
				"al": {
					"id": 34555292,
					"name": "史上最伤感的网络情歌",
					"picUrl": "https://p3.music.126.net/Oyl76qA1HPxWmTCxcnT0eg==/1422768049096561.jpg",
					"tns": [],
					"pic": 1422768049096561
				},
				"dt": 240023,
				"h": {
					"br": 320000,
					"fid": 1374389537826877,
					"size": 9611014,
					"vd": -1.61
				},
				"m": {
					"br": 160000,
					"fid": 528865159270568,
					"size": 4805529,
					"vd": -1.16
				},
				"l": {
					"br": 96000,
					"fid": 3283141728857550,
					"size": 2883335,
					"vd": -1.21
				},
				"a": null,
				"cd": "1",
				"no": 4,
				"rtUrl": null,
				"ftype": 0,
				"rtUrls": [],
				"mst": 9,
				"cp": 13009,
				"mv": 0,
				"rtype": 0,
				"rurl": null
			}, {
				"name": "不读不回",
				"id": 34228175,
				"pst": 0,
				"t": 0,
				"ar": [
					{
						"id": 1046249,
						"name": "吴汶芳",
						"tns": [],
						"alias": []
					}
				],
				"alia": [],
				"pop": 15.0,
				"st": 0,
				"rt": null,
				"fee": 8,
				"v": 4,
				"crbt": null,
				"cf": "",
				"al": {
					"id": 3275637,
					"name": "不读不回",
					"picUrl": "https://p3.music.126.net/TGnQXq1ItXMuDTe-aMNFzQ==/7975857349964875.jpg",
					"tns": [],
					"pic": 7975857349964875
				},
				"dt": 194613,
				"h": {
					"br": 320000,
					"fid": 7987951977925218,
					"size": 7787667,
					"vd": -1.24
				},
				"m": {
					"br": 160000,
					"fid": 3373301674508397,
					"size": 3893856,
					"vd": -0.82
				},
				"l": {
					"br": 96000,
					"fid": 7940672977930852,
					"size": 2336331,
					"vd": -0.87
				},
				"a": null,
				"cd": "",
				"no": 1,
				"rtUrl": null,
				"ftype": 0,
				"rtUrls": [],
				"mst": 9,
				"cp": 1011,
				"mv": 0,
				"rtype": 0,
				"rurl": null
			}, {
				"name": "爱的魔法",
				"id": 247491,
				"pst": 0,
				"t": 0,
				"ar": [
					{
						"id": 8259,
						"name": "金莎",
						"tns": [],
						"alias": []
					}
				],
				"alia": [],
				"pop": 100.0,
				"st": 0,
				"rt": "600902000009310854",
				"fee": 0,
				"v": 15,
				"crbt": "0db0491c5574ba74c4b92a69536fb180",
				"cf": "",
				"al": {
					"id": 24795,
					"name": "他不爱我",
					"picUrl": "https://p3.music.126.net/q5Hq-bTYy9t0_fJRJIdAxQ==/272678883704278.jpg",
					"tns": [],
					"pic": 272678883704278
				},
				"dt": 191791,
				"h": {
					"br": 320000,
					"fid": 1183074511496057,
					"size": 7694681,
					"vd": -3.08
				},
				"m": {
					"br": 160000,
					"fid": 1223756441723572,
					"size": 3862519,
					"vd": -2.63
				},
				"l": {
					"br": 96000,
					"fid": 1024744837095983,
					"size": 2329235,
					"vd": -2.67
				},
				"a": null,
				"cd": "",
				"no": 2,
				"rtUrl": null,
				"ftype": 0,
				"rtUrls": [],
				"mst": 9,
				"cp": 12007,
				"mv": 5307310,
				"rtype": 0,
				"rurl": null
			}, {
				"name": "战争世界",
				"id": 28095355,
				"pst": 0,
				"t": 0,
				"ar": [
					{
						"id": 10371,
						"name": "姚贝娜",
						"tns": [],
						"alias": []
					}
				],
				"alia": [],
				"pop": 100.0,
				"st": 0,
				"rt": "",
				"fee": 0,
				"v": 8,
				"crbt": "3bdfe4477bc6a9d2132a3df15db866b4",
				"cf": "",
				"al": {
					"id": 2685006,
					"name": "1/2 的我",
					"picUrl": "https://p3.music.126.net/5dxDAiqgeIzKfydIehOZlg==/5896680859766191.jpg",
					"tns": [],
					"pic": 5896680859766191
				},
				"dt": 199157,
				"h": {
					"br": 320000,
					"fid": 5826312115693512,
					"size": 7991802,
					"vd": -5.19
				},
				"m": {
					"br": 160000,
					"fid": 5826312115693513,
					"size": 4007085,
					"vd": -4.79
				},
				"l": {
					"br": 96000,
					"fid": 5826312115693514,
					"size": 2413198,
					"vd": -4.85
				},
				"a": null,
				"cd": "",
				"no": 4,
				"rtUrl": null,
				"ftype": 0,
				"rtUrls": [],
				"mst": 9,
				"cp": 0,
				"mv": 0,
				"rtype": 0,
				"rurl": null
			}, {
				"name": "岁月神偷",
				"id": 28285910,
				"pst": 0,
				"t": 0,
				"ar": [
					{
						"id": 893259,
						"name": "金玟岐",
						"tns": [],
						"alias": []
					}
				],
				"alia": [],
				"pop": 100.0,
				"st": 0,
				"rt": "",
				"fee": 0,
				"v": 40,
				"crbt": null,
				"cf": "",
				"al": {
					"id": 2767540,
					"name": "金玟岐作品集",
					"picUrl": "https://p3.music.126.net/54wdQi_3rpjreY2oo2jb7w==/5998935441219557.jpg",
					"tns": [],
					"pic": 5998935441219557
				},
				"dt": 162072,
				"h": null,
				"m": {
					"br": 160000,
					"fid": 3265549564032964,
					"size": 3242363,
					"vd": 0.214968
				},
				"l": {
					"br": 96000,
					"fid": 1420569036314644,
					"size": 1945436,
					"vd": -2.65076E-4
				},
				"a": null,
				"cd": "1",
				"no": 2,
				"rtUrl": null,
				"ftype": 0,
				"rtUrls": [],
				"mst": 9,
				"cp": 0,
				"mv": 0,
				"rtype": 0,
				"rurl": null
			}, {
				"name": "一吻之间",
				"id": 29732485,
				"pst": 0,
				"t": 0,
				"ar": [
					{
						"id": 1024308,
						"name": "张碧晨",
						"tns": [],
						"alias": []
					}
				],
				"alia": [
					"电视剧《青年医生》插曲"
				],
				"pop": 100.0,
				"st": 0,
				"rt": null,
				"fee": 0,
				"v": 671,
				"crbt": null,
				"cf": "",
				"al": {
					"id": 3069084,
					"name": "青年医生 电视原声带",
					"picUrl": "https://p4.music.126.net/gFBlUAWlN7Mkze_6Xc8haw==/3244658814415290.jpg",
					"tns": [],
					"pic": 3244658814415290
				},
				"dt": 248496,
				"h": {
					"br": 320000,
					"fid": 3243559302680634,
					"size": 9940895,
					"vd": -1.24
				},
				"m": {
					"br": 160000,
					"fid": 3240260767805232,
					"size": 4970975,
					"vd": -0.8
				},
				"l": {
					"br": 96000,
					"fid": 2532175280493942,
					"size": 2983007,
					"vd": -0.83
				},
				"a": null,
				"cd": "",
				"no": 2,
				"rtUrl": null,
				"ftype": 0,
				"rtUrls": [],
				"mst": 9,
				"cp": 0,
				"mv": 371458,
				"rtype": 0,
				"rurl": null
			}, {
				"name": "香橙小姐",
				"id": 425137134,
				"pst": 0,
				"t": 0,
				"ar": [
					{
						"id": 12008090,
						"name": "唐艺昕",
						"tns": [],
						"alias": []
					}
				],
				"alia": [],
				"pop": 65.0,
				"st": 0,
				"rt": null,
				"fee": 8,
				"v": 15,
				"crbt": null,
				"cf": "",
				"al": {
					"id": 34816059,
					"name": "香橙小姐",
					"picUrl": "https://p4.music.126.net/dghBPMrSQ4iW5P2Ywt244A==/3420580721445450.jpg",
					"tns": [],
					"pic": 3420580721445450
				},
				"dt": 183272,
				"h": {
					"br": 320000,
					"fid": 3443670427294503,
					"size": 7333138,
					"vd": -2.65076E-4
				},
				"m": {
					"br": 160000,
					"fid": 18649916230382834,
					"size": 3666592,
					"vd": 0.0699974
				},
				"l": {
					"br": 96000,
					"fid": 3426078255771491,
					"size": 2199973,
					"vd": -2.65076E-4
				},
				"a": null,
				"cd": "",
				"no": 1,
				"rtUrl": null,
				"ftype": 0,
				"rtUrls": [],
				"mst": 9,
				"cp": 21001,
				"mv": 5355072,
				"rtype": 0,
				"rurl": null
			}, {
				"name": "奇妙能力歌",
				"id": 29431066,
				"pst": 0,
				"t": 0,
				"ar": [
					{
						"id": 1007170,
						"name": "陈粒",
						"tns": [],
						"alias": []
					}
				],
				"alia": [],
				"pop": 100.0,
				"st": 0,
				"rt": null,
				"fee": 0,
				"v": 39,
				"crbt": null,
				"cf": "",
				"al": {
					"id": 3024008,
					"name": "未收录的单曲",
					"picUrl": "https://p4.music.126.net/lN2jt4Vkqw3zzIjc2JjyCw==/2532175280981641.jpg",
					"tns": [],
					"pic": 2532175280981641
				},
				"dt": 253152,
				"h": {
					"br": 320000,
					"fid": 2538772348754644,
					"size": 10129252,
					"vd": -0.45
				},
				"m": {
					"br": 160000,
					"fid": 2529976255737363,
					"size": 5065155,
					"vd": -0.01
				},
				"l": {
					"br": 96000,
					"fid": 6628955604505262,
					"size": 3039515,
					"vd": -0.03
				},
				"a": null,
				"cd": "",
				"no": 4,
				"rtUrl": null,
				"ftype": 0,
				"rtUrls": [],
				"mst": 9,
				"cp": 0,
				"mv": 0,
				"rtype": 0,
				"rurl": null
			}, {
				"name": "那时候的我",
				"id": 255204,
				"pst": 0,
				"t": 0,
				"ar": [
					{
						"id": 8334,
						"name": "刘惜君",
						"tns": [],
						"alias": []
					}
				],
				"alia": [],
				"pop": 100.0,
				"st": 0,
				"rt": "600902000008891991",
				"fee": 0,
				"v": 10,
				"crbt": "a9df427782c0795bbef89931e05bd417",
				"cf": "",
				"al": {
					"id": 25490,
					"name": "拂晓",
					"picUrl": "https://p4.music.126.net/H7wPe1FTwlw_hjeue7j9Bw==/24189255827136.jpg",
					"tns": [],
					"pic": 24189255827136
				},
				"dt": 233117,
				"h": {
					"br": 320000,
					"fid": 1159984767311843,
					"size": 9341786,
					"vd": -1.62
				},
				"m": {
					"br": 160000,
					"fid": 1109407232433848,
					"size": 4683632,
					"vd": -1.22
				},
				"l": {
					"br": 96000,
					"fid": 996157534772922,
					"size": 2819952,
					"vd": -1.27
				},
				"a": null,
				"cd": "",
				"no": 2,
				"rtUrl": null,
				"ftype": 0,
				"rtUrls": [],
				"mst": 9,
				"cp": 0,
				"mv": 0,
				"rtype": 0,
				"rurl": null
			}, {
				"name": "第一百个我",
				"id": 441489034,
				"pst": 0,
				"t": 0,
				"ar": [
					{
						"id": 9269,
						"name": "容祖儿",
						"tns": [],
						"alias": []
					}
				],
				"alia": [],
				"pop": 100.0,
				"st": 0,
				"rt": null,
				"fee": 8,
				"v": 5,
				"crbt": null,
				"cf": "",
				"al": {
					"id": 35004025,
					"name": "第一百个我",
					"picUrl": "https://p3.music.126.net/zeqngs6pt8a7SyN1-C8MsA==/18549860673511547.jpg",
					"tns": [],
					"pic_str": "18549860673511547",
					"pic": 18549860673511547
				},
				"dt": 262447,
				"h": {
					"br": 320000,
					"fid": 18638921115337380,
					"size": 10500223,
					"vd": -0.72
				},
				"m": {
					"br": 160000,
					"fid": 18743374719981650,
					"size": 5250134,
					"vd": -0.29
				},
				"l": {
					"br": 96000,
					"fid": 3432675316805304,
					"size": 3150098,
					"vd": -0.33
				},
				"a": null,
				"cd": "",
				"no": 1,
				"rtUrl": null,
				"ftype": 0,
				"rtUrls": [],
				"mst": 9,
				"cp": 1000,
				"mv": 5396175,
				"rtype": 0,
				"rurl": null
			}, {
				"name": "七月七日晴",
				"id": 307780,
				"pst": 0,
				"t": 0,
				"ar": [
					{
						"id": 9950,
						"name": "许慧欣",
						"tns": [],
						"alias": []
					}
				],
				"alia": [],
				"pop": 100.0,
				"st": 0,
				"rt": "600902000001024402",
				"fee": 0,
				"v": 7,
				"crbt": null,
				"cf": "",
				"al": {
					"id": 30564,
					"name": "万中选一",
					"picUrl": "https://p3.music.126.net/7Ee57ajp-hEgmacB6S1Jbg==/64871186054465.jpg",
					"tns": [],
					"pic": 64871186054465
				},
				"dt": 245894,
				"h": {
					"br": 320000,
					"fid": 3313928046275886,
					"size": 9838954,
					"vd": -0.45
				},
				"m": {
					"br": 160000,
					"fid": 7882398860634521,
					"size": 4919575,
					"vd": -0.01
				},
				"l": {
					"br": 96000,
					"fid": 3255653930005115,
					"size": 2951823,
					"vd": -0.04
				},
				"a": null,
				"cd": "",
				"no": 11,
				"rtUrl": null,
				"ftype": 0,
				"rtUrls": [],
				"mst": 9,
				"cp": 7003,
				"mv": 5307748,
				"rtype": 0,
				"rurl": null
			}, {
				"name": "旅行的意义",
				"id": 209326,
				"pst": 0,
				"t": 0,
				"ar": [
					{
						"id": 7217,
						"name": "陈绮贞",
						"tns": [],
						"alias": []
					}
				],
				"alia": [],
				"pop": 100.0,
				"st": 0,
				"rt": "",
				"fee": 0,
				"v": 5,
				"crbt": null,
				"cf": "",
				"al": {
					"id": 21295,
					"name": "旅行的意义",
					"picUrl": "https://p4.music.126.net/BZNpKSKkPTTv5ZnxdYAdUQ==/5850501371402948.jpg",
					"tns": [],
					"pic": 5850501371402948
				},
				"dt": 244213,
				"h": {
					"br": 320000,
					"fid": 3159996418250983,
					"size": 9794273,
					"vd": 1.88192
				},
				"m": {
					"br": 160000,
					"fid": 3161095929878759,
					"size": 4909375,
					"vd": 2.31353
				},
				"l": {
					"br": 96000,
					"fid": 3162195441506536,
					"size": 2954998,
					"vd": 2.3163
				},
				"a": null,
				"cd": "",
				"no": 1,
				"rtUrl": null,
				"ftype": 0,
				"rtUrls": [],
				"mst": 9,
				"cp": 0,
				"mv": 5293224,
				"rtype": 0,
				"rurl": null
			}, {
				"name": "不远的情人",
				"id": 33187430,
				"pst": 0,
				"t": 0,
				"ar": [
					{
						"id": 7864,
						"name": "关诗敏",
						"tns": [],
						"alias": []
					}
				],
				"alia": [],
				"pop": 80.0,
				"st": 0,
				"rt": null,
				"fee": 0,
				"v": 4,
				"crbt": null,
				"cf": "",
				"al": {
					"id": 3188070,
					"name": "不远的情人",
					"picUrl": "https://p3.music.126.net/tKYbg9dpjlXY5HCAPDVetA==/7746059418716338.jpg",
					"tns": [],
					"pic": 7746059418716338
				},
				"dt": 280000,
				"h": {
					"br": 320000,
					"fid": 7982454418844677,
					"size": 11217037,
					"vd": -2.88
				},
				"m": {
					"br": 160000,
					"fid": 7845015465212268,
					"size": 5608548,
					"vd": -2.48
				},
				"l": {
					"br": 96000,
					"fid": 7974757837449741,
					"size": 3365152,
					"vd": -2.52
				},
				"a": null,
				"cd": "",
				"no": 1,
				"rtUrl": null,
				"ftype": 0,
				"rtUrls": [],
				"mst": 9,
				"cp": 0,
				"mv": 0,
				"rtype": 0,
				"rurl": null
			}, {
				"name": "被驯服的象",
				"id": 27747330,
				"pst": 0,
				"t": 0,
				"ar": [
					{
						"id": 7214,
						"name": "蔡健雅",
						"tns": [],
						"alias": []
					}
				],
				"alia": [],
				"pop": 100.0,
				"st": 0,
				"rt": "",
				"fee": 0,
				"v": 16,
				"crbt": "dbb9939ef1346b11087658214ea7cb3f",
				"cf": "",
				"al": {
					"id": 2668159,
					"name": "天使与魔鬼的对话",
					"picUrl": "https://p4.music.126.net/6ZbKlyanTl6KtNDpw2afmA==/1901055604511717.jpg",
					"tns": [],
					"pic": 1901055604511717
				},
				"dt": 209057,
				"h": {
					"br": 320000,
					"fid": 5902178417902873,
					"size": 8385001,
					"vd": 0.0
				},
				"m": {
					"br": 160000,
					"fid": 5777933604081158,
					"size": 4202798,
					"vd": 0.0
				},
				"l": {
					"br": 96000,
					"fid": 5850501371397449,
					"size": 2529916,
					"vd": 0.0
				},
				"a": null,
				"cd": "",
				"no": 8,
				"rtUrl": null,
				"ftype": 0,
				"rtUrls": [],
				"mst": 9,
				"cp": 0,
				"mv": 198023,
				"rtype": 0,
				"rurl": null
			}, {
				"name": "没那么简单",
				"id": 239188,
				"pst": 0,
				"t": 0,
				"ar": [
					{
						"id": 7896,
						"name": "黄小琥",
						"tns": [],
						"alias": []
					}
				],
				"alia": [],
				"pop": 100.0,
				"st": 0,
				"rt": "600902000008838030",
				"fee": 8,
				"v": 22,
				"crbt": "9d482b416ae97975f362840215f8dc25",
				"cf": "",
				"al": {
					"id": 23974,
					"name": "简单/不简单",
					"picUrl": "https://p3.music.126.net/yFQShP8JdQ824I_Cm4tkOg==/47278999995384.jpg",
					"tns": [],
					"pic": 47278999995384
				},
				"dt": 308133,
				"h": {
					"br": 320000,
					"fid": 7980255395941540,
					"size": 12327822,
					"vd": -2.7
				},
				"m": {
					"br": 160000,
					"fid": 3252355395039593,
					"size": 6163970,
					"vd": -2.28
				},
				"l": {
					"br": 96000,
					"fid": 7928578349445208,
					"size": 3698428,
					"vd": -2.3
				},
				"a": null,
				"cd": "",
				"no": 2,
				"rtUrl": null,
				"ftype": 0,
				"rtUrls": [],
				"mst": 9,
				"cp": 7002,
				"mv": 58469,
				"rtype": 0,
				"rurl": null
			}, {
				"name": "明天，你好",
				"id": 368727,
				"pst": 0,
				"t": 0,
				"ar": [
					{
						"id": 12437,
						"name": "牛奶咖啡",
						"tns": [],
						"alias": []
					}
				],
				"alia": [
					"电视剧《加油吧实习生》插曲"
				],
				"pop": 100.0,
				"st": 0,
				"rt": "600902000008890319",
				"fee": 8,
				"v": 28,
				"crbt": "7591aa7bb8333b291c90a4c9c6c70ce8",
				"cf": "",
				"al": {
					"id": 36520,
					"name": "去寻找",
					"picUrl": "https://p4.music.126.net/LQ2iUKlZwqGMysGkeCR4ww==/27487790697969.jpg",
					"tns": [],
					"pic": 27487790697969
				},
				"dt": 271000,
				"h": {
					"br": 320000,
					"fid": 3273246115947038,
					"size": 10875496,
					"vd": -0.87
				},
				"m": {
					"br": 160000,
					"fid": 7964862233140319,
					"size": 5437848,
					"vd": -0.44
				},
				"l": {
					"br": 96000,
					"fid": 7733964790865188,
					"size": 3262788,
					"vd": -0.46
				},
				"a": null,
				"cd": "",
				"no": 2,
				"rtUrl": null,
				"ftype": 0,
				"rtUrls": [],
				"mst": 9,
				"cp": 1008,
				"mv": 480070,
				"rtype": 0,
				"rurl": null
			}, {
				"name": "眼泪的名字",
				"id": 27698908,
				"pst": 0,
				"t": 0,
				"ar": [
					{
						"id": 9952,
						"name": "谢安琪",
						"tns": [],
						"alias": []
					}
				],
				"alia": [
					"电视剧《我爱你爱你爱我》插曲"
				],
				"pop": 100.0,
				"st": 0,
				"rt": "600907000001483010",
				"fee": 8,
				"v": 18,
				"crbt": "0b806b8840c10021daefc9235ec1125b",
				"cf": "",
				"al": {
					"id": 2374047,
					"name": "谢—安琪",
					"picUrl": "https://p4.music.126.net/bYT2UJY0bQflSnCkHR2u_g==/5498657650611481.jpg",
					"tns": [],
					"pic": 5498657650611481
				},
				"dt": 248053,
				"h": {
					"br": 320000,
					"fid": 2141848650926840,
					"size": 9952582,
					"vd": -2.54
				},
				"m": {
					"br": 160000,
					"fid": 2141848650926841,
					"size": 4989840,
					"vd": -2.11
				},
				"l": {
					"br": 96000,
					"fid": 2141848650926842,
					"size": 3004743,
					"vd": -2.14
				},
				"a": null,
				"cd": "",
				"no": 3,
				"rtUrl": null,
				"ftype": 0,
				"rtUrls": [],
				"mst": 9,
				"cp": 13009,
				"mv": 188110,
				"rtype": 0,
				"rurl": null
			}, {
				"name": "如果没有你",
				"id": 277111,
				"pst": 0,
				"t": 0,
				"ar": [
					{
						"id": 8926,
						"name": "莫文蔚",
						"tns": [],
						"alias": []
					}
				],
				"alia": [
					"电视剧《浪漫满屋》片尾曲"
				],
				"pop": 100.0,
				"st": 0,
				"rt": "600902000005312891",
				"fee": 8,
				"v": 25,
				"crbt": "093358f325ac2cc4afaa80cc3afbcc48",
				"cf": "",
				"al": {
					"id": 27518,
					"name": "如果没有你",
					"picUrl": "https://p4.music.126.net/cvrs6zo7wJ8wGOfxXnDpwQ==/27487790706455.jpg",
					"tns": [],
					"pic": 27487790706455
				},
				"dt": 289855,
				"h": {
					"br": 320000,
					"fid": 1185273534750443,
					"size": 11621442,
					"vd": -2.65076E-4
				},
				"m": {
					"br": 160000,
					"fid": 1061028720811610,
					"size": 5829574,
					"vd": -2.65076E-4
				},
				"l": {
					"br": 96000,
					"fid": 1041237511511450,
					"size": 3512408,
					"vd": -2.65076E-4
				},
				"a": null,
				"cd": "",
				"no": 3,
				"rtUrl": null,
				"ftype": 0,
				"rtUrls": [],
				"mst": 9,
				"cp": 7001,
				"mv": 5307751,
				"rtype": 0,
				"rurl": null
			}, {
				"name": "至少还有你",
				"id": 256468,
				"pst": 0,
				"t": 0,
				"ar": [
					{
						"id": 8336,
						"name": "林忆莲",
						"tns": [],
						"alias": []
					}
				],
				"alia": [],
				"pop": 100.0,
				"st": 0,
				"rt": "600907000000277868",
				"fee": 8,
				"v": 17,
				"crbt": "ae8f6552dd2de58dd8cfcbb026e6538f",
				"cf": "",
				"al": {
					"id": 25600,
					"name": "属于我的林忆莲",
					"picUrl": "https://p4.music.126.net/xEyRt-hCsxf0qGahe4x_cQ==/6667438510890773.jpg",
					"tns": [],
					"pic": 6667438510890773
				},
				"dt": 275905,
				"h": {
					"br": 320000,
					"fid": 6661940952765875,
					"size": 11027864,
					"vd": -2.23
				},
				"m": {
					"br": 160000,
					"fid": 6661940952765876,
					"size": 5514461,
					"vd": -1.79
				},
				"l": {
					"br": 96000,
					"fid": 6661940952765877,
					"size": 3309099,
					"vd": -1.83
				},
				"a": null,
				"cd": "1",
				"no": 1,
				"rtUrl": null,
				"ftype": 0,
				"rtUrls": [],
				"mst": 9,
				"cp": 13009,
				"mv": 5307498,
				"rtype": 0,
				"rurl": null
			}, {
				"name": "如你一般的人",
				"id": 30987092,
				"pst": 0,
				"t": 0,
				"ar": [
					{
						"id": 9487,
						"name": "陶晶莹",
						"tns": [],
						"alias": []
					}
				],
				"alia": [],
				"pop": 100.0,
				"st": 0,
				"rt": null,
				"fee": 8,
				"v": 3,
				"crbt": null,
				"cf": "",
				"al": {
					"id": 3109017,
					"name": "如你一般的人",
					"picUrl": "https://p3.music.126.net/UuunQX_XKA3gt-91Mfdhag==/7899991046067613.jpg",
					"tns": [],
					"pic": 7899991046067613
				},
				"dt": 252360,
				"h": {
					"br": 320000,
					"fid": 7772447697217677,
					"size": 10095459,
					"vd": -0.77
				},
				"m": {
					"br": 160000,
					"fid": 7821925720469200,
					"size": 5048259,
					"vd": -0.32
				},
				"l": {
					"br": 96000,
					"fid": 7792238906517664,
					"size": 3029379,
					"vd": -0.32
				},
				"a": null,
				"cd": "",
				"no": 0,
				"rtUrl": null,
				"ftype": 0,
				"rtUrls": [],
				"mst": 9,
				"cp": 1001,
				"mv": 0,
				"rtype": 0,
				"rurl": null
			}, {
				"name": "如果我答应你",
				"id": 33419676,
				"pst": 0,
				"t": 0,
				"ar": [
					{
						"id": 10296,
						"name": "严艺丹",
						"tns": [],
						"alias": []
					}
				],
				"alia": [
					"电视剧《克拉恋人》插曲"
				],
				"pop": 85.0,
				"st": 0,
				"rt": null,
				"fee": 8,
				"v": 12,
				"crbt": null,
				"cf": "",
				"al": {
					"id": 3210397,
					"name": "克拉恋人 OST原声音乐辑 - 严艺丹情歌作品",
					"picUrl": "https://p3.music.126.net/X0zoZiKRrDzApTZY1Gs0lw==/7885697395548686.jpg",
					"tns": [],
					"pic": 7885697395548686
				},
				"dt": 250000,
				"h": {
					"br": 320000,
					"fid": 3376600208957446,
					"size": 10037500,
					"vd": -2.16
				},
				"m": {
					"br": 160000,
					"fid": 7983553930810771,
					"size": 5018856,
					"vd": -1.75
				},
				"l": {
					"br": 96000,
					"fid": 3339216813613813,
					"size": 3011398,
					"vd": -1.75
				},
				"a": null,
				"cd": "",
				"no": 6,
				"rtUrl": null,
				"ftype": 0,
				"rtUrls": [],
				"mst": 9,
				"cp": 7001,
				"mv": 0,
				"rtype": 0,
				"rurl": null
			}, {
				"name": "好朋友的祝福",
				"id": 25657354,
				"pst": 0,
				"t": 0,
				"ar": [
					{
						"id": 7063,
						"name": "A-Lin",
						"tns": [],
						"alias": []
					}
				],
				"alia": [],
				"pop": 100.0,
				"st": 0,
				"rt": "600902000009548637",
				"fee": 8,
				"v": 17,
				"crbt": "c644db5f39c8de02098659bd7a956e32",
				"cf": "",
				"al": {
					"id": 2270070,
					"name": "幸福了 然后呢",
					"picUrl": "https://p4.music.126.net/Az2s5MOlGF_6alleBNS4fA==/1796601999791355.jpg",
					"tns": [],
					"pic": 1796601999791355
				},
				"dt": 246440,
				"h": {
					"br": 320000,
					"fid": 3081931092657094,
					"size": 9889535,
					"vd": 0.0
				},
				"m": {
					"br": 160000,
					"fid": 3130309604279100,
					"size": 4959707,
					"vd": 0.0
				},
				"l": {
					"br": 96000,
					"fid": 3088528162423766,
					"size": 2987358,
					"vd": 0.0
				},
				"a": null,
				"cd": "",
				"no": 7,
				"rtUrl": null,
				"ftype": 0,
				"rtUrls": [],
				"mst": 9,
				"cp": 14025,
				"mv": 28004,
				"rtype": 0,
				"rurl": null
			}, {
				"name": "最重要的决定",
				"id": 28936044,
				"pst": 0,
				"t": 0,
				"ar": [
					{
						"id": 7652,
						"name": "范玮琪",
						"tns": [],
						"alias": []
					}
				],
				"alia": [],
				"pop": 100.0,
				"st": 0,
				"rt": null,
				"fee": 8,
				"v": 16,
				"crbt": "3dec1abc5a8d7f810809be114f5ebfc7",
				"cf": "",
				"al": {
					"id": 2951012,
					"name": "幸福·情歌",
					"picUrl": "https://p3.music.126.net/TD9qTxXvYsH2UhHUV-007w==/8901646138563601.jpg",
					"tns": [],
					"pic": 8901646138563601
				},
				"dt": 244080,
				"h": {
					"br": 320000,
					"fid": 528865145314358,
					"size": 9765659,
					"vd": -0.26
				},
				"m": {
					"br": 160000,
					"fid": 1382086116510339,
					"size": 4882852,
					"vd": 0.0
				},
				"l": {
					"br": 96000,
					"fid": 3263350522391680,
					"size": 2929728,
					"vd": 0.0
				},
				"a": null,
				"cd": "",
				"no": 13,
				"rtUrl": null,
				"ftype": 0,
				"rtUrls": [],
				"mst": 9,
				"cp": 0,
				"mv": 522375,
				"rtype": 0,
				"rurl": null
			}, {
				"name": "没有什么不同",
				"id": 25713024,
				"pst": 0,
				"t": 0,
				"ar": [
					{
						"id": 9178,
						"name": "曲婉婷",
						"tns": [],
						"alias": []
					}
				],
				"alia": [],
				"pop": 100.0,
				"st": 0,
				"rt": "600902000009383066",
				"fee": 0,
				"v": 3,
				"crbt": null,
				"cf": "",
				"al": {
					"id": 2289002,
					"name": "Everything In The World (白金庆功版)",
					"picUrl": "https://p3.music.126.net/8jt2KnGDF0qMP9JbidOtVA==/573945069746475.jpg",
					"tns": [],
					"pic": 573945069746475
				},
				"dt": 290200,
				"h": {
					"br": 320000,
					"fid": 3089627674122382,
					"size": 11635804,
					"vd": -2.38
				},
				"m": {
					"br": 160000,
					"fid": 3198479325272609,
					"size": 5829829,
					"vd": -1.98
				},
				"l": {
					"br": 96000,
					"fid": 5658086836583728,
					"size": 3507439,
					"vd": -2.04
				},
				"a": null,
				"cd": "",
				"no": 14,
				"rtUrl": null,
				"ftype": 0,
				"rtUrls": [],
				"mst": 9,
				"cp": 7003,
				"mv": 0,
				"rtype": 0,
				"rurl": null
			}, {
				"name": "听！是谁在唱歌？",
				"id": 254280,
				"pst": 0,
				"t": 0,
				"ar": [
					{
						"id": 8326,
						"name": "刘若英",
						"tns": [],
						"alias": []
					}, {
						"id": 7893,
						"name": "黄韵玲",
						"tns": [],
						"alias": []
					}
				],
				"alia": [],
				"pop": 100.0,
				"st": 0,
				"rt": "",
				"fee": 8,
				"v": 19,
				"crbt": null,
				"cf": "",
				"al": {
					"id": 25408,
					"name": "听说？",
					"picUrl": "https://p4.music.126.net/K6A_LIosVaynWyiG_ZiAsA==/97856534884194.jpg",
					"tns": [],
					"pic": 97856534884194
				},
				"dt": 225019,
				"h": {
					"br": 320000,
					"fid": 1136895023128143,
					"size": 9018119,
					"vd": -2.36
				},
				"m": {
					"br": 160000,
					"fid": 1072023837089412,
					"size": 4521924,
					"vd": -1.92
				},
				"l": {
					"br": 96000,
					"fid": 1187472558005994,
					"size": 2723028,
					"vd": -1.94
				},
				"a": null,
				"cd": "",
				"no": 3,
				"rtUrl": null,
				"ftype": 0,
				"rtUrls": [],
				"mst": 9,
				"cp": 12002,
				"mv": 0,
				"rtype": 0,
				"rurl": null
			}, {
				"name": "若不是那次夜空",
				"id": 31967121,
				"pst": 0,
				"t": 0,
				"ar": [
					{
						"id": 10558,
						"name": "周笔畅",
						"tns": [],
						"alias": []
					}
				],
				"alia": [
					"电影《重生爱人》主题曲 "
				],
				"pop": 100.0,
				"st": 0,
				"rt": null,
				"fee": 0,
				"v": 15,
				"crbt": null,
				"cf": "",
				"al": {
					"id": 3145034,
					"name": "若不是那次夜空",
					"picUrl": "https://p3.music.126.net/ra7Kw7-JP4FlIRcTwsYCRA==/7921981278912483.jpg",
					"tns": [],
					"pic": 7921981278912483
				},
				"dt": 192000,
				"h": {
					"br": 320000,
					"fid": 7860408627766440,
					"size": 7714577,
					"vd": 0.0
				},
				"m": {
					"br": 160000,
					"fid": 2941193605642466,
					"size": 3857337,
					"vd": 0.0
				},
				"l": {
					"br": 96000,
					"fid": 7697680907658997,
					"size": 2314441,
					"vd": 0.0
				},
				"a": null,
				"cd": "",
				"no": 1,
				"rtUrl": null,
				"ftype": 0,
				"rtUrls": [],
				"mst": 9,
				"cp": 0,
				"mv": 414065,
				"rtype": 0,
				"rurl": null
			}, {
				"name": "亲爱的，那不是爱情",
				"id": 326990,
				"pst": 0,
				"t": 0,
				"ar": [
					{
						"id": 10562,
						"name": "张韶涵",
						"tns": [],
						"alias": []
					}
				],
				"alia": [],
				"pop": 100.0,
				"st": 0,
				"rt": "",
				"fee": 8,
				"v": 72,
				"crbt": null,
				"cf": "",
				"al": {
					"id": 32350,
					"name": "Ang 5.0",
					"picUrl": "https://p4.music.126.net/-7DyPFoPPWbYlxezA7kXig==/34084860477874.jpg",
					"tns": [],
					"pic": 34084860477874
				},
				"dt": 256000,
				"h": {
					"br": 320000,
					"fid": 3219370046133588,
					"size": 10275659,
					"vd": 0.0
				},
				"m": {
					"br": 320000,
					"fid": 3219370046133588,
					"size": 10275659,
					"vd": 0.0
				},
				"l": {
					"br": 128012,
					"fid": 3216071511250818,
					"size": 4109372,
					"vd": 0.0
				},
				"a": null,
				"cd": "",
				"no": 3,
				"rtUrl": null,
				"ftype": 0,
				"rtUrls": [],
				"mst": 9,
				"cp": 1011,
				"mv": 395081,
				"rtype": 0,
				"rurl": null
			}
		],
		"trackIds": [
			{
				"id": 412911436,
				"v": 12
			}, {
				"id": 436346799,
				"v": 2
			}, {
				"id": 31473269,
				"v": 6
			}, {
				"id": 307611,
				"v": 11
			}, {
				"id": 306626,
				"v": 2
			}, {
				"id": 406730773,
				"v": 7
			}, {
				"id": 28935298,
				"v": 4
			}, {
				"id": 28029339,
				"v": 14
			}, {
				"id": 233866,
				"v": 69
			}, {
				"id": 27867140,
				"v": 9
			}, {
				"id": 28314060,
				"v": 20
			}, {
				"id": 28912180,
				"v": 9
			}, {
				"id": 22740077,
				"v": 9
			}, {
				"id": 299757,
				"v": 22
			}, {
				"id": 224000,
				"v": 11
			}, {
				"id": 34731033,
				"v": 19
			}, {
				"id": 319747,
				"v": 1
			}, {
				"id": 368764,
				"v": 14
			}, {
				"id": 405599470,
				"v": 2
			}, {
				"id": 432506345,
				"v": 1
			}, {
				"id": 406737372,
				"v": 1
			}, {
				"id": 34228175,
				"v": 4
			}, {
				"id": 247491,
				"v": 15
			}, {
				"id": 28095355,
				"v": 8
			}, {
				"id": 28285910,
				"v": 40
			}, {
				"id": 29732485,
				"v": 671
			}, {
				"id": 425137134,
				"v": 15
			}, {
				"id": 29431066,
				"v": 39
			}, {
				"id": 255204,
				"v": 10
			}, {
				"id": 441489034,
				"v": 5
			}, {
				"id": 307780,
				"v": 7
			}, {
				"id": 209326,
				"v": 5
			}, {
				"id": 33187430,
				"v": 4
			}, {
				"id": 27747330,
				"v": 16
			}, {
				"id": 239188,
				"v": 22
			}, {
				"id": 368727,
				"v": 28
			}, {
				"id": 27698908,
				"v": 18
			}, {
				"id": 277111,
				"v": 25
			}, {
				"id": 256468,
				"v": 17
			}, {
				"id": 30987092,
				"v": 3
			}, {
				"id": 33419676,
				"v": 12
			}, {
				"id": 25657354,
				"v": 17
			}, {
				"id": 28936044,
				"v": 16
			}, {
				"id": 25713024,
				"v": 3
			}, {
				"id": 254280,
				"v": 19
			}, {
				"id": 31967121,
				"v": 15
			}, {
				"id": 326990,
				"v": 72
			}
		],
		"tags": [
			"华语",
			"流行",
			"放松"
		],
		"ordered": true,
		"subscribedCount": 517,
		"cloudTrackCount": 0,
		"adType": 0,
		"trackNumberUpdateTime": 1489102643464,
		"status": 0,
		"description": "耐得住寂寞，才守得住繁华。\n耐得住寒冬，才等得到花开。\n\n整理这份歌单的时候，我是带着怀旧的心情去整理的。这是一个有关岁月，怀旧和具有纪念意义的歌单，没有期待中的那些跌宕起伏，淡淡的从头到尾却值得回味。\n\n本歌单收录47位女歌手，他们声线各不相同却都有自己的独特味道。\n\n如果还有什么，建议请去评论区留言。",
		"coverImgId": 18495984604179186,
		"trackCount": 47,
		"playCount": 90722,
		"privacy": 0,
		"newImported": false,
		"createTime": 1484722073637,
		"specialType": 0,
		"highQuality": false,
		"trackUpdateTime": 1489722975879,
		"userId": 367878910,
		"updateTime": 1489102658196,
		"commentThreadId": "A_PL_0_574078104",
		"name": "『华语女声』沉浸在海水里，最明亮的星",
		"id": 574078104,
		"shareCount": 22,
		"coverImgId_str": "18495984604179186",
		"commentCount": 10
	},
	"code": 200,
	"privileges": [
		{
			"id": 412911436,
			"fee": 0,
			"payed": 0,
			"st": 0,
			"pl": 320000,
			"dl": 320000,
			"sp": 7,
			"cp": 1,
			"subp": 1,
			"cs": false,
			"maxbr": 999000,
			"fl": 320000,
			"toast": false,
			"flag": 0
		}, {
			"id": 436346799,
			"fee": 0,
			"payed": 0,
			"st": 0,
			"pl": 320000,
			"dl": 320000,
			"sp": 7,
			"cp": 1,
			"subp": 1,
			"cs": false,
			"maxbr": 999000,
			"fl": 320000,
			"toast": false,
			"flag": 0
		}, {
			"id": 31473269,
			"fee": 0,
			"payed": 0,
			"st": 0,
			"pl": 320000,
			"dl": 320000,
			"sp": 7,
			"cp": 1,
			"subp": 1,
			"cs": false,
			"maxbr": 999000,
			"fl": 320000,
			"toast": false,
			"flag": 0
		}, {
			"id": 307611,
			"fee": 0,
			"payed": 0,
			"st": 0,
			"pl": 320000,
			"dl": 320000,
			"sp": 7,
			"cp": 1,
			"subp": 1,
			"cs": false,
			"maxbr": 999000,
			"fl": 320000,
			"toast": false,
			"flag": 0
		}, {
			"id": 306626,
			"fee": 0,
			"payed": 0,
			"st": 0,
			"pl": 320000,
			"dl": 320000,
			"sp": 7,
			"cp": 1,
			"subp": 1,
			"cs": false,
			"maxbr": 320000,
			"fl": 320000,
			"toast": false,
			"flag": 0
		}, {
			"id": 406730773,
			"fee": 8,
			"payed": 0,
			"st": 0,
			"pl": 128000,
			"dl": 0,
			"sp": 7,
			"cp": 1,
			"subp": 1,
			"cs": false,
			"maxbr": 999000,
			"fl": 128000,
			"toast": false,
			"flag": 0
		}, {
			"id": 28935298,
			"fee": 0,
			"payed": 0,
			"st": 0,
			"pl": 320000,
			"dl": 320000,
			"sp": 7,
			"cp": 1,
			"subp": 1,
			"cs": false,
			"maxbr": 999000,
			"fl": 320000,
			"toast": false,
			"flag": 0
		}, {
			"id": 28029339,
			"fee": 0,
			"payed": 0,
			"st": 0,
			"pl": 320000,
			"dl": 320000,
			"sp": 7,
			"cp": 1,
			"subp": 1,
			"cs": false,
			"maxbr": 320000,
			"fl": 320000,
			"toast": false,
			"flag": 0
		}, {
			"id": 233866,
			"fee": 8,
			"payed": 0,
			"st": 0,
			"pl": 128000,
			"dl": 0,
			"sp": 7,
			"cp": 1,
			"subp": 1,
			"cs": false,
			"maxbr": 320000,
			"fl": 128000,
			"toast": false,
			"flag": 0
		}, {
			"id": 27867140,
			"fee": 0,
			"payed": 0,
			"st": 0,
			"pl": 320000,
			"dl": 320000,
			"sp": 7,
			"cp": 1,
			"subp": 1,
			"cs": false,
			"maxbr": 999000,
			"fl": 320000,
			"toast": false,
			"flag": 2
		}, {
			"id": 28314060,
			"fee": 8,
			"payed": 0,
			"st": 0,
			"pl": 128000,
			"dl": 0,
			"sp": 7,
			"cp": 1,
			"subp": 1,
			"cs": false,
			"maxbr": 999000,
			"fl": 128000,
			"toast": false,
			"flag": 0
		}, {
			"id": 28912180,
			"fee": 8,
			"payed": 0,
			"st": 0,
			"pl": 128000,
			"dl": 0,
			"sp": 7,
			"cp": 1,
			"subp": 1,
			"cs": false,
			"maxbr": 999000,
			"fl": 128000,
			"toast": false,
			"flag": 0
		}, {
			"id": 22740077,
			"fee": 8,
			"payed": 0,
			"st": 0,
			"pl": 128000,
			"dl": 0,
			"sp": 7,
			"cp": 1,
			"subp": 1,
			"cs": false,
			"maxbr": 320000,
			"fl": 128000,
			"toast": false,
			"flag": 0
		}, {
			"id": 299757,
			"fee": 0,
			"payed": 0,
			"st": 0,
			"pl": 320000,
			"dl": 320000,
			"sp": 7,
			"cp": 1,
			"subp": 1,
			"cs": false,
			"maxbr": 999000,
			"fl": 320000,
			"toast": false,
			"flag": 0
		}, {
			"id": 224000,
			"fee": 8,
			"payed": 0,
			"st": 0,
			"pl": 128000,
			"dl": 0,
			"sp": 7,
			"cp": 1,
			"subp": 1,
			"cs": false,
			"maxbr": 999000,
			"fl": 128000,
			"toast": false,
			"flag": 0
		}, {
			"id": 34731033,
			"fee": 0,
			"payed": 0,
			"st": 0,
			"pl": 320000,
			"dl": 320000,
			"sp": 7,
			"cp": 1,
			"subp": 1,
			"cs": false,
			"maxbr": 999000,
			"fl": 320000,
			"toast": false,
			"flag": 2
		}, {
			"id": 319747,
			"fee": 0,
			"payed": 0,
			"st": 0,
			"pl": 320000,
			"dl": 320000,
			"sp": 7,
			"cp": 1,
			"subp": 1,
			"cs": false,
			"maxbr": 128000,
			"fl": 320000,
			"toast": false,
			"flag": 0
		}, {
			"id": 368764,
			"fee": 0,
			"payed": 0,
			"st": 0,
			"pl": 320000,
			"dl": 320000,
			"sp": 7,
			"cp": 1,
			"subp": 1,
			"cs": false,
			"maxbr": 320000,
			"fl": 320000,
			"toast": false,
			"flag": 0
		}, {
			"id": 405599470,
			"fee": 8,
			"payed": 0,
			"st": 0,
			"pl": 128000,
			"dl": 0,
			"sp": 7,
			"cp": 1,
			"subp": 1,
			"cs": false,
			"maxbr": 999000,
			"fl": 128000,
			"toast": false,
			"flag": 0
		}, {
			"id": 432506345,
			"fee": 0,
			"payed": 0,
			"st": 0,
			"pl": 320000,
			"dl": 320000,
			"sp": 7,
			"cp": 1,
			"subp": 1,
			"cs": false,
			"maxbr": 999000,
			"fl": 320000,
			"toast": false,
			"flag": 0
		}, {
			"id": 406737372,
			"fee": 0,
			"payed": 0,
			"st": 0,
			"pl": 320000,
			"dl": 320000,
			"sp": 7,
			"cp": 1,
			"subp": 1,
			"cs": false,
			"maxbr": 320000,
			"fl": 320000,
			"toast": false,
			"flag": 0
		}, {
			"id": 34228175,
			"fee": 8,
			"payed": 0,
			"st": 0,
			"pl": 128000,
			"dl": 0,
			"sp": 7,
			"cp": 1,
			"subp": 1,
			"cs": false,
			"maxbr": 999000,
			"fl": 128000,
			"toast": false,
			"flag": 0
		}, {
			"id": 247491,
			"fee": 0,
			"payed": 0,
			"st": 0,
			"pl": 320000,
			"dl": 320000,
			"sp": 7,
			"cp": 1,
			"subp": 1,
			"cs": false,
			"maxbr": 320000,
			"fl": 320000,
			"toast": false,
			"flag": 0
		}, {
			"id": 28095355,
			"fee": 0,
			"payed": 0,
			"st": 0,
			"pl": 320000,
			"dl": 320000,
			"sp": 7,
			"cp": 1,
			"subp": 1,
			"cs": false,
			"maxbr": 320000,
			"fl": 320000,
			"toast": false,
			"flag": 0
		}, {
			"id": 28285910,
			"fee": 0,
			"payed": 0,
			"st": 0,
			"pl": 320000,
			"dl": 320000,
			"sp": 7,
			"cp": 1,
			"subp": 1,
			"cs": false,
			"maxbr": 192000,
			"fl": 320000,
			"toast": false,
			"flag": 2
		}, {
			"id": 29732485,
			"fee": 0,
			"payed": 0,
			"st": 0,
			"pl": 320000,
			"dl": 320000,
			"sp": 7,
			"cp": 1,
			"subp": 1,
			"cs": false,
			"maxbr": 999000,
			"fl": 320000,
			"toast": false,
			"flag": 0
		}, {
			"id": 425137134,
			"fee": 8,
			"payed": 0,
			"st": 0,
			"pl": 128000,
			"dl": 0,
			"sp": 7,
			"cp": 1,
			"subp": 1,
			"cs": false,
			"maxbr": 999000,
			"fl": 128000,
			"toast": false,
			"flag": 0
		}, {
			"id": 29431066,
			"fee": 0,
			"payed": 0,
			"st": 0,
			"pl": 320000,
			"dl": 320000,
			"sp": 7,
			"cp": 1,
			"subp": 1,
			"cs": false,
			"maxbr": 320000,
			"fl": 320000,
			"toast": false,
			"flag": 0
		}, {
			"id": 255204,
			"fee": 0,
			"payed": 0,
			"st": 0,
			"pl": 320000,
			"dl": 320000,
			"sp": 7,
			"cp": 1,
			"subp": 1,
			"cs": false,
			"maxbr": 320000,
			"fl": 320000,
			"toast": false,
			"flag": 0
		}, {
			"id": 441489034,
			"fee": 8,
			"payed": 0,
			"st": 0,
			"pl": 128000,
			"dl": 0,
			"sp": 7,
			"cp": 1,
			"subp": 1,
			"cs": false,
			"maxbr": 999000,
			"fl": 128000,
			"toast": false,
			"flag": 0
		}, {
			"id": 307780,
			"fee": 0,
			"payed": 0,
			"st": 0,
			"pl": 320000,
			"dl": 320000,
			"sp": 7,
			"cp": 1,
			"subp": 1,
			"cs": false,
			"maxbr": 999000,
			"fl": 320000,
			"toast": false,
			"flag": 0
		}, {
			"id": 209326,
			"fee": 0,
			"payed": 0,
			"st": 0,
			"pl": 320000,
			"dl": 320000,
			"sp": 7,
			"cp": 1,
			"subp": 1,
			"cs": false,
			"maxbr": 999000,
			"fl": 320000,
			"toast": false,
			"flag": 0
		}, {
			"id": 33187430,
			"fee": 0,
			"payed": 0,
			"st": 0,
			"pl": 320000,
			"dl": 320000,
			"sp": 7,
			"cp": 1,
			"subp": 1,
			"cs": false,
			"maxbr": 999000,
			"fl": 320000,
			"toast": false,
			"flag": 0
		}, {
			"id": 27747330,
			"fee": 0,
			"payed": 0,
			"st": 0,
			"pl": 320000,
			"dl": 320000,
			"sp": 7,
			"cp": 1,
			"subp": 1,
			"cs": false,
			"maxbr": 320000,
			"fl": 320000,
			"toast": false,
			"flag": 0
		}, {
			"id": 239188,
			"fee": 8,
			"payed": 0,
			"st": 0,
			"pl": 128000,
			"dl": 0,
			"sp": 7,
			"cp": 1,
			"subp": 1,
			"cs": false,
			"maxbr": 999000,
			"fl": 128000,
			"toast": false,
			"flag": 0
		}, {
			"id": 368727,
			"fee": 8,
			"payed": 0,
			"st": 0,
			"pl": 128000,
			"dl": 0,
			"sp": 7,
			"cp": 1,
			"subp": 1,
			"cs": false,
			"maxbr": 999000,
			"fl": 128000,
			"toast": false,
			"flag": 2
		}, {
			"id": 27698908,
			"fee": 8,
			"payed": 0,
			"st": 0,
			"pl": 128000,
			"dl": 0,
			"sp": 7,
			"cp": 1,
			"subp": 1,
			"cs": false,
			"maxbr": 999000,
			"fl": 128000,
			"toast": false,
			"flag": 0
		}, {
			"id": 277111,
			"fee": 8,
			"payed": 0,
			"st": 0,
			"pl": 128000,
			"dl": 0,
			"sp": 7,
			"cp": 1,
			"subp": 1,
			"cs": false,
			"maxbr": 320000,
			"fl": 128000,
			"toast": false,
			"flag": 0
		}, {
			"id": 256468,
			"fee": 8,
			"payed": 0,
			"st": 0,
			"pl": 128000,
			"dl": 0,
			"sp": 7,
			"cp": 1,
			"subp": 1,
			"cs": false,
			"maxbr": 999000,
			"fl": 128000,
			"toast": false,
			"flag": 0
		}, {
			"id": 30987092,
			"fee": 8,
			"payed": 0,
			"st": 0,
			"pl": 128000,
			"dl": 0,
			"sp": 7,
			"cp": 1,
			"subp": 1,
			"cs": false,
			"maxbr": 320000,
			"fl": 128000,
			"toast": false,
			"flag": 0
		}, {
			"id": 33419676,
			"fee": 8,
			"payed": 0,
			"st": 0,
			"pl": 128000,
			"dl": 0,
			"sp": 7,
			"cp": 1,
			"subp": 1,
			"cs": false,
			"maxbr": 320000,
			"fl": 128000,
			"toast": false,
			"flag": 0
		}, {
			"id": 25657354,
			"fee": 8,
			"payed": 0,
			"st": 0,
			"pl": 128000,
			"dl": 0,
			"sp": 7,
			"cp": 1,
			"subp": 1,
			"cs": false,
			"maxbr": 999000,
			"fl": 128000,
			"toast": false,
			"flag": 0
		}, {
			"id": 28936044,
			"fee": 8,
			"payed": 0,
			"st": 0,
			"pl": 128000,
			"dl": 0,
			"sp": 7,
			"cp": 1,
			"subp": 1,
			"cs": false,
			"maxbr": 999000,
			"fl": 128000,
			"toast": false,
			"flag": 0
		}, {
			"id": 25713024,
			"fee": 0,
			"payed": 0,
			"st": 0,
			"pl": 320000,
			"dl": 320000,
			"sp": 7,
			"cp": 1,
			"subp": 1,
			"cs": false,
			"maxbr": 999000,
			"fl": 320000,
			"toast": false,
			"flag": 0
		}, {
			"id": 254280,
			"fee": 8,
			"payed": 0,
			"st": 0,
			"pl": 128000,
			"dl": 0,
			"sp": 7,
			"cp": 1,
			"subp": 1,
			"cs": false,
			"maxbr": 320000,
			"fl": 128000,
			"toast": false,
			"flag": 0
		}, {
			"id": 31967121,
			"fee": 0,
			"payed": 0,
			"st": 0,
			"pl": 320000,
			"dl": 320000,
			"sp": 7,
			"cp": 1,
			"subp": 1,
			"cs": false,
			"maxbr": 999000,
			"fl": 320000,
			"toast": false,
			"flag": 0
		}, {
			"id": 326990,
			"fee": 8,
			"payed": 0,
			"st": 0,
			"pl": 128000,
			"dl": 0,
			"sp": 7,
			"cp": 1,
			"subp": 1,
			"cs": false,
			"maxbr": 320000,
			"fl": 128000,
			"toast": false,
			"flag": 0
		}
	]
}