{
    "playlists": [
        {
            "name": "那些歌名奇怪但好听的民谣作品",
            "id": 629287734,
            "trackNumberUpdateTime": 1490238366129,
            "status": 0,
            "userId": 103780233,
            "createTime": 1489452907753,
            "updateTime": 1490238366129,
            "subscribedCount": 1368,
            "trackCount": 62,
            "cloudTrackCount": 0,
            "coverImgUrl": "http://p1.music.126.net/wcw3CNmwLraE1RJrkOjMlg==/109951162876827174.jpg",
            "coverImgId": 109951162876827174,
            "description": "民谣歌手在乐坛创作上非常随意随心，所以成就了一些奇奇怪怪而有趣的音乐作品。他们没有过重的音乐包袱，所以很容易灵机一动的想法都会付诸实践。这些民谣作品直接的表达，让这些歌很有人情味，更贴近生活。所以一起来欣赏这些脑洞大开的民谣作品吧。",
            "tags": [
                "华语",
                "民谣"
            ],
            "playCount": 110194,
            "trackUpdateTime": 1490238388260,
            "specialType": 0,
            "totalDuration": 0,
            "creator": {
                "defaultAvatar": false,
                "province": 220000,
                "authStatus": 0,
                "followed": false,
                "avatarUrl": "http://p1.music.126.net/wQBAC0liMDj77XDRPLvcyg==/109951162876845811.jpg",
                "accountStatus": 0,
                "gender": 1,
                "city": 220100,
                "birthday": 795628800000,
                "userId": 103780233,
                "userType": 0,
                "nickname": "雾与晨",
                "signature": "微博：雾与晨的杂货店",
                "description": "",
                "detailDescription": "",
                "avatarImgId": 109951162876845811,
                "backgroundImgId": 109951162880390183,
                "backgroundUrl": "http://p1.music.126.net/MkiiHuDGFCzQz5BGuvEb_g==/109951162880390183.jpg",
                "authority": 0,
                "mutual": false,
                "expertTags": [
                    "电子",
                    "华语",
                    "欧美"
                ],
                "djStatus": 10,
                "vipType": 0,
                "remarkName": null,
                "avatarImgIdStr": "109951162876845811",
                "backgroundImgIdStr": "109951162880390183",
                "avatarImgId_str": "109951162876845811"
            },
            "tracks": null,
            "subscribers": [
                {
                    "defaultAvatar": false,
                    "province": 1000000,
                    "authStatus": 0,
                    "followed": false,
                    "avatarUrl": "http://p1.music.126.net/B6pzeWCHwJ8raTvUJOs9sA==/18802748348443762.jpg",
                    "accountStatus": 0,
                    "gender": 1,
                    "city": 1000200,
                    "birthday": -2209017600000,
                    "userId": 441901004,
                    "userType": 0,
                    "nickname": "大零哥",
                    "signature": "",
                    "description": "",
                    "detailDescription": "",
                    "avatarImgId": 18802748348443762,
                    "backgroundImgId": 109951162868126486,
                    "backgroundUrl": "http://p1.music.126.net/_f8R60U9mZ42sSNvdPn2sQ==/109951162868126486.jpg",
                    "authority": 0,
                    "mutual": false,
                    "expertTags": null,
                    "djStatus": 0,
                    "vipType": 0,
                    "remarkName": null,
                    "avatarImgIdStr": "18802748348443762",
                    "backgroundImgIdStr": "109951162868126486",
                    "avatarImgId_str": "18802748348443762"
                }
            ],
            "subscribed": null,
            "commentThreadId": "A_PL_0_629287734",
            "newImported": false,
            "adType": 0,
            "highQuality": false,
            "privacy": 0,
            "ordered": true,
            "anonimous": false,
            "shareCount": 27,
            "coverImgId_str": "109951162876827174",
            "commentCount": 23
        },
        {
            "name": "「欧美」曾以为时光慢，后会有期",
            "id": 418625565,
            "trackNumberUpdateTime": 1490234443797,
            "status": 0,
            "userId": 487355,
            "createTime": 1468071183069,
            "updateTime": 1490234443797,
            "subscribedCount": 544,
            "trackCount": 36,
            "cloudTrackCount": 0,
            "coverImgUrl": "http://p1.music.126.net/x3cWhfdzb-Zelm-8ySg8eA==/109951162883557860.jpg",
            "coverImgId": 109951162883557860,
            "description": "“这里的街道没有名字，没有遮拦，也没有铺柏油。因为每当雨雪消融，厚厚的尘土就会变成恼人的泥泞。” \n\n晨曦不明媚。旅途不明媚。青春不明媚。\n可恰好在所有的物是人非后，遇见明媚的时光。这已足够。\n\n",
            "tags": [
                "流行",
                "欧美",
                "治愈"
            ],
            "playCount": 58928,
            "trackUpdateTime": 1490234478853,
            "specialType": 0,
            "totalDuration": 0,
            "creator": {
                "defaultAvatar": false,
                "province": 330000,
                "authStatus": 0,
                "followed": false,
                "avatarUrl": "http://p1.music.126.net/4f9I4D4B6UwkHmXFZel5pA==/109951162872417786.jpg",
                "accountStatus": 0,
                "gender": 0,
                "city": 330100,
                "birthday": 592156800000,
                "userId": 487355,
                "userType": 0,
                "nickname": "虎锐",
                "signature": "結婚與安定",
                "description": "",
                "detailDescription": "",
                "avatarImgId": 109951162872417786,
                "backgroundImgId": 109951162883635835,
                "backgroundUrl": "http://p1.music.126.net/QwFFodhM2wQFX_-KwFzLNA==/109951162883635835.jpg",
                "authority": 0,
                "mutual": false,
                "expertTags": [
                    "华语",
                    "流行",
                    "民谣"
                ],
                "djStatus": 10,
                "vipType": 0,
                "remarkName": null,
                "avatarImgIdStr": "109951162872417786",
                "backgroundImgIdStr": "109951162883635835",
                "avatarImgId_str": "109951162872417786"
            },
            "tracks": null,
            "subscribers": [
                {
                    "defaultAvatar": false,
                    "province": 110000,
                    "authStatus": 0,
                    "followed": false,
                    "avatarUrl": "http://p1.music.126.net/Q5uyWjBk4eLijdGCwCBwEQ==/109951162832831542.jpg",
                    "accountStatus": 0,
                    "gender": 0,
                    "city": 110105,
                    "birthday": -2209017600000,
                    "userId": 356776196,
                    "userType": 0,
                    "nickname": "Waysohigh",
                    "signature": "",
                    "description": "",
                    "detailDescription": "",
                    "avatarImgId": 109951162832831542,
                    "backgroundImgId": 109951162832831124,
                    "backgroundUrl": "http://p1.music.126.net/lKkKHhs8CEbCGPPw_EN9Ww==/109951162832831124.jpg",
                    "authority": 0,
                    "mutual": false,
                    "expertTags": null,
                    "djStatus": 0,
                    "vipType": 0,
                    "remarkName": null,
                    "avatarImgIdStr": "109951162832831542",
                    "backgroundImgIdStr": "109951162832831124",
                    "avatarImgId_str": "109951162832831542"
                }
            ],
            "subscribed": null,
            "commentThreadId": "A_PL_0_418625565",
            "newImported": false,
            "adType": 0,
            "highQuality": false,
            "privacy": 0,
            "ordered": true,
            "anonimous": false,
            "shareCount": 13,
            "coverImgId_str": "109951162883557860",
            "commentCount": 16
        },
        {
            "name": "『旧影』台湾琼瑶剧&电影歌曲全纪录",
            "id": 618706112,
            "trackNumberUpdateTime": 1489492165413,
            "status": 0,
            "userId": 98975039,
            "createTime": 1488581351222,
            "updateTime": 1489965823874,
            "subscribedCount": 99,
            "trackCount": 295,
            "cloudTrackCount": 0,
            "coverImgUrl": "http://p1.music.126.net/VLHkaCwI_V8yOKWt0J9sFA==/18554258720544063.jpg",
            "coverImgId": 18554258720544063,
            "description": "在很多70后80后成长的年代，影视看的最多的第一是香港武侠片和动作片，第二就是台湾琼瑶剧了，那时候的南方，每当一首首“青青河边草”、“婉君”等歌曲响起时，每个电视机前面肯定围满了人......\n本歌单：汇总了台湾琼瑶剧和琼瑶作品改编电影主题曲插曲，说是全记录，肯定有很多遗漏，但肯定的是，很多歌曲70后80后肯定听过......少数歌曲来自香港，都是琼瑶剧，就收进来了。",
            "tags": [
                "华语",
                "影视原声",
                "经典"
            ],
            "playCount": 10771,
            "trackUpdateTime": 1490239598301,
            "specialType": 0,
            "totalDuration": 0,
            "creator": {
                "defaultAvatar": false,
                "province": 330000,
                "authStatus": 0,
                "followed": false,
                "avatarUrl": "http://p1.music.126.net/81_tDRrDR83CTLOc9tyUkA==/109951162864421198.jpg",
                "accountStatus": 0,
                "gender": 1,
                "city": 330200,
                "birthday": -631180800000,
                "userId": 98975039,
                "userType": 0,
                "nickname": "狄卢云",
                "signature": "澜沧雾依旧，筱客不归家。风中独角戏，无韵自由人。",
                "description": "",
                "detailDescription": "",
                "avatarImgId": 109951162864421198,
                "backgroundImgId": 109951162874215319,
                "backgroundUrl": "http://p1.music.126.net/z_0qsYBnXaR1LIenEgGLGA==/109951162874215319.jpg",
                "authority": 0,
                "mutual": false,
                "expertTags": null,
                "djStatus": 0,
                "vipType": 0,
                "remarkName": null,
                "avatarImgIdStr": "109951162864421198",
                "backgroundImgIdStr": "109951162874215319",
                "avatarImgId_str": "109951162864421198"
            },
            "tracks": null,
            "subscribers": [
                {
                    "defaultAvatar": false,
                    "province": 110000,
                    "authStatus": 0,
                    "followed": false,
                    "avatarUrl": "http://p1.music.126.net/BsSOZoUcU6mnUtH8TWGPuA==/18991864346589523.jpg",
                    "accountStatus": 0,
                    "gender": 1,
                    "city": 110101,
                    "birthday": 614534400000,
                    "userId": 262872994,
                    "userType": 0,
                    "nickname": "Han-nibal",
                    "signature": "我还没来得及写个人简介...",
                    "description": "",
                    "detailDescription": "",
                    "avatarImgId": 18991864346589523,
                    "backgroundImgId": 3426078250053848,
                    "backgroundUrl": "http://p1.music.126.net/bxCHU4q7tTVtM72TDFne_w==/3426078250053848.jpg",
                    "authority": 0,
                    "mutual": false,
                    "expertTags": null,
                    "djStatus": 0,
                    "vipType": 0,
                    "remarkName": null,
                    "avatarImgIdStr": "18991864346589523",
                    "backgroundImgIdStr": "3426078250053848",
                    "avatarImgId_str": "18991864346589523"
                }
            ],
            "subscribed": null,
            "commentThreadId": "A_PL_0_618706112",
            "newImported": false,
            "adType": 0,
            "highQuality": false,
            "privacy": 0,
            "ordered": true,
            "anonimous": false,
            "shareCount": 8,
            "coverImgId_str": "18554258720544063",
            "commentCount": 4
        },
        {
            "name": "清澈童声【世界上最不可抗拒的声音】",
            "id": 628252760,
            "trackNumberUpdateTime": 1489726766893,
            "status": 0,
            "userId": 376408725,
            "createTime": 1489336862080,
            "updateTime": 1489726766893,
            "subscribedCount": 686,
            "trackCount": 34,
            "cloudTrackCount": 0,
            "coverImgUrl": "http://p1.music.126.net/YcGKtWgTI2ZfDIgFxIT0_w==/18775260557740379.jpg",
            "coverImgId": 18775260557740379,
            "description": "① 儿童是进入天堂的钥匙。——理·斯托达德\n② 孩子，这是人类纯洁而天真的花朵。 —— 柔石\n③ 一个孩子的头上无论有什么样的天花板或者穹隆，在他的眼睛里反射出来的总是天堂。 —— 雨果\n④ 在人世间所能听到的最崇高的赞美歌，就是从孩子的嘴里发出来的人类灵魂的喃喃的话语。—— 雨果\n⑤ 儿童正是作为一种精神上的存在而不仅是肉体上的存在，才给人类的发展提供了强大的原动力。也正是儿童的精神，决定了人类发展的进程，并有可能把人类引向更高级的文明。——蒙特梭利",
            "tags": [
                "清新",
                "治愈",
                "儿童"
            ],
            "playCount": 40007,
            "trackUpdateTime": 1489726912588,
            "specialType": 0,
            "totalDuration": 0,
            "creator": {
                "defaultAvatar": false,
                "province": 610000,
                "authStatus": 0,
                "followed": false,
                "avatarUrl": "http://p1.music.126.net/ZiupcIuvbsAB_sqkHC4Xew==/18493785580993452.jpg",
                "accountStatus": 0,
                "gender": 1,
                "city": 610900,
                "birthday": 908382068068,
                "userId": 376408725,
                "userType": 0,
                "nickname": "YJMAN皇小冠",
                "signature": "论女团，只爱T-ARA；论女神，只有Hyomin；论歌单，只服自己（希望可以关注我的歌单，感激不尽）",
                "description": "",
                "detailDescription": "",
                "avatarImgId": 18493785580993452,
                "backgroundImgId": 18608134790295427,
                "backgroundUrl": "http://p1.music.126.net/J3QJKcKA6T13rcrIeTyvmg==/18608134790295427.jpg",
                "authority": 0,
                "mutual": false,
                "expertTags": null,
                "djStatus": 0,
                "vipType": 0,
                "remarkName": null,
                "avatarImgIdStr": "18493785580993452",
                "backgroundImgIdStr": "18608134790295427",
                "avatarImgId_str": "18493785580993452"
            },
            "tracks": null,
            "subscribers": [
                {
                    "defaultAvatar": false,
                    "province": 320000,
                    "authStatus": 0,
                    "followed": false,
                    "avatarUrl": "http://p1.music.126.net/gXs4fsA6zB_LHn5_EFAPhg==/3442570909012512.jpg",
                    "accountStatus": 0,
                    "gender": 0,
                    "city": 321300,
                    "birthday": 754848000000,
                    "userId": 3490246,
                    "userType": 0,
                    "nickname": "CloveRock",
                    "signature": "音为爱所以爱",
                    "description": "",
                    "detailDescription": "",
                    "avatarImgId": 3442570909012512,
                    "backgroundImgId": 18681802068724881,
                    "backgroundUrl": "http://p1.music.126.net/DmtBJwKHfAjffVNf3rtZHg==/18681802068724881.jpg",
                    "authority": 0,
                    "mutual": false,
                    "expertTags": null,
                    "djStatus": 0,
                    "vipType": 0,
                    "remarkName": null,
                    "avatarImgIdStr": "3442570909012512",
                    "backgroundImgIdStr": "18681802068724881"
                }
            ],
            "subscribed": null,
            "commentThreadId": "A_PL_0_628252760",
            "newImported": false,
            "adType": 0,
            "highQuality": false,
            "privacy": 0,
            "ordered": true,
            "anonimous": false,
            "shareCount": 6,
            "coverImgId_str": "18775260557740379",
            "commentCount": 9
        },
        {
            "name": "来自黑白键上的无影手",
            "id": 637145449,
            "trackNumberUpdateTime": 1490230740985,
            "status": 0,
            "userId": 251000367,
            "createTime": 1490103392777,
            "updateTime": 1490232573403,
            "subscribedCount": 165,
            "trackCount": 95,
            "cloudTrackCount": 0,
            "coverImgUrl": "http://p1.music.126.net/Wq_Nhg_xKYukBLp6k9dEcQ==/109951162882452326.jpg",
            "coverImgId": 109951162882452326,
            "description": "论手速，就服钢琴！收集各类钢琴神曲！反正我的眼晴已经花了",
            "tags": [
                "轻音乐",
                "钢琴",
                "兴奋"
            ],
            "playCount": 13178,
            "trackUpdateTime": 1490234822215,
            "specialType": 0,
            "totalDuration": 0,
            "creator": {
                "defaultAvatar": false,
                "province": 1000000,
                "authStatus": 0,
                "followed": false,
                "avatarUrl": "http://p1.music.126.net/11MdWpjRErpsgeWRjVZPdA==/18758767883299443.jpg",
                "accountStatus": 0,
                "gender": 2,
                "city": 1001300,
                "birthday": 895939200000,
                "userId": 251000367,
                "userType": 0,
                "nickname": "治愈兔",
                "signature": "我不喜欢会取关我的兔粉 ٩(˃̶͈̀௰˂̶͈́)و 新浪微博@治愈兔sama 兔子村（QQ群） 576818056",
                "description": "",
                "detailDescription": "",
                "avatarImgId": 18758767883299443,
                "backgroundImgId": 109951162872994632,
                "backgroundUrl": "http://p1.music.126.net/m7oQ0ZFjjiR0iZXRlCPjdA==/109951162872994632.jpg",
                "authority": 0,
                "mutual": false,
                "expertTags": [
                    "华语",
                    "轻音乐"
                ],
                "djStatus": 10,
                "vipType": 11,
                "remarkName": null,
                "avatarImgIdStr": "18758767883299443",
                "backgroundImgIdStr": "109951162872994632",
                "avatarImgId_str": "18758767883299443"
            },
            "tracks": null,
            "subscribers": [
                {
                    "defaultAvatar": false,
                    "province": 440000,
                    "authStatus": 0,
                    "followed": false,
                    "avatarUrl": "http://p1.music.126.net/XR-OuAUkPBXrzIjVB7y85w==/18580646998372233.jpg",
                    "accountStatus": 0,
                    "gender": 2,
                    "city": 440400,
                    "birthday": -2209017600000,
                    "userId": 344114173,
                    "userType": 0,
                    "nickname": "Rosa馨",
                    "signature": "",
                    "description": "",
                    "detailDescription": "",
                    "avatarImgId": 18580646998372233,
                    "backgroundImgId": 2002210674180198,
                    "backgroundUrl": "http://p1.music.126.net/i0qi6mibX8gq2SaLF1bYbA==/2002210674180198.jpg",
                    "authority": 0,
                    "mutual": false,
                    "expertTags": null,
                    "djStatus": 10,
                    "vipType": 10,
                    "remarkName": null,
                    "avatarImgIdStr": "18580646998372233",
                    "backgroundImgIdStr": "2002210674180198",
                    "avatarImgId_str": "18580646998372233"
                }
            ],
            "subscribed": null,
            "commentThreadId": "A_PL_0_637145449",
            "newImported": false,
            "adType": 0,
            "highQuality": false,
            "privacy": 0,
            "ordered": true,
            "anonimous": false,
            "shareCount": 3,
            "coverImgId_str": "109951162882452326",
            "commentCount": 10
        },
        {
            "name": "【岛歌】你闻，这风里有歌的味道。",
            "id": 380455043,
            "trackNumberUpdateTime": 1463111840048,
            "status": 0,
            "userId": 37522052,
            "createTime": 1463082496396,
            "updateTime": 1463111840048,
            "subscribedCount": 221,
            "trackCount": 27,
            "cloudTrackCount": 0,
            "coverImgUrl": "http://p1.music.126.net/ls8j8aRvSi11QP8WfuNqwg==/1376588567969974.jpg",
            "coverImgId": 1376588567969974,
            "description": "此单收集一些个人认为发声非常奇妙的乐人之歌一二三…当然，霓虹国是指日本啦……",
            "tags": [
                "日语",
                "民谣",
                "流行"
            ],
            "playCount": 14387,
            "trackUpdateTime": 1489741576691,
            "specialType": 0,
            "totalDuration": 0,
            "creator": {
                "defaultAvatar": false,
                "province": 1000000,
                "authStatus": 0,
                "followed": false,
                "avatarUrl": "http://p1.music.126.net/eELhh0eHeB3MBqrH2T-ReA==/18644418673887519.jpg",
                "accountStatus": 0,
                "gender": 1,
                "city": 1010000,
                "birthday": 622224000000,
                "userId": 37522052,
                "userType": 0,
                "nickname": "目隐子行",
                "signature": "你打开枪，走回故乡，像一只飞鸟，死在篮子上。",
                "description": "",
                "detailDescription": "",
                "avatarImgId": 18644418673887519,
                "backgroundImgId": 18504780697161254,
                "backgroundUrl": "http://p1.music.126.net/gKzOzInS8PIUIOzRA88OlA==/18504780697161254.jpg",
                "authority": 0,
                "mutual": false,
                "expertTags": [
                    "电子",
                    "爵士",
                    "古典"
                ],
                "djStatus": 10,
                "vipType": 0,
                "remarkName": null,
                "avatarImgIdStr": "18644418673887519",
                "backgroundImgIdStr": "18504780697161254",
                "avatarImgId_str": "18644418673887519"
            },
            "tracks": null,
            "subscribers": [
                {
                    "defaultAvatar": false,
                    "province": 410000,
                    "authStatus": 0,
                    "followed": false,
                    "avatarUrl": "http://p1.music.126.net/tpuJQZ5Lt1n6eRxKqxJRug==/18545462627517671.jpg",
                    "accountStatus": 0,
                    "gender": 2,
                    "city": 410100,
                    "birthday": -2209017600000,
                    "userId": 277770351,
                    "userType": 0,
                    "nickname": "小野兽不开花",
                    "signature": "",
                    "description": "",
                    "detailDescription": "",
                    "avatarImgId": 18545462627517671,
                    "backgroundImgId": 2002210674180201,
                    "backgroundUrl": "http://p1.music.126.net/o3G7lWrGBQAvSRt3UuApTw==/2002210674180201.jpg",
                    "authority": 0,
                    "mutual": false,
                    "expertTags": null,
                    "djStatus": 0,
                    "vipType": 0,
                    "remarkName": null,
                    "avatarImgIdStr": "18545462627517671",
                    "backgroundImgIdStr": "2002210674180201",
                    "avatarImgId_str": "18545462627517671"
                }
            ],
            "subscribed": null,
            "commentThreadId": "A_PL_0_380455043",
            "newImported": false,
            "adType": 0,
            "highQuality": false,
            "privacy": 0,
            "ordered": true,
            "anonimous": false,
            "shareCount": 11,
            "commentCount": 11
        },
        {
            "name": "超炫夜店音乐轰炸全场一起狂燥起来",
            "id": 635145086,
            "trackNumberUpdateTime": 1490197519965,
            "status": 0,
            "userId": 61039729,
            "createTime": 1489920986847,
            "updateTime": 1490197542267,
            "subscribedCount": 40406,
            "trackCount": 562,
            "cloudTrackCount": 0,
            "coverImgUrl": "http://p1.music.126.net/QRDmWewqApBYkT7fHMEv7w==/18549860674050483.jpg",
            "coverImgId": 18549860674050483,
            "description": "关注我，我会随机发20红包或会员2个月，总共发1000块的",
            "tags": [
                "欧美",
                "电子",
                "酒吧"
            ],
            "playCount": 1761025,
            "trackUpdateTime": 1490199338558,
            "specialType": 0,
            "totalDuration": 0,
            "creator": {
                "defaultAvatar": false,
                "province": 520000,
                "authStatus": 0,
                "followed": false,
                "avatarUrl": "http://p1.music.126.net/NWWPzFTf85XCukE5NKbh5A==/19061133579165096.jpg",
                "accountStatus": 0,
                "gender": 0,
                "city": 520100,
                "birthday": 720115200000,
                "userId": 61039729,
                "userType": 0,
                "nickname": "灯红酒绿杀人夜died丶",
                "signature": "释放吧释放吧 跟着节奏动起来 GOGOGOGOGO 大帅B山福荣",
                "description": "",
                "detailDescription": "",
                "avatarImgId": 19061133579165096,
                "backgroundImgId": 18631224534510806,
                "backgroundUrl": "http://p1.music.126.net/lYJaDozd5FQjNjfJE7ZjOQ==/18631224534510806.jpg",
                "authority": 0,
                "mutual": false,
                "expertTags": null,
                "djStatus": 0,
                "vipType": 10,
                "remarkName": null,
                "avatarImgIdStr": "19061133579165096",
                "backgroundImgIdStr": "18631224534510806",
                "avatarImgId_str": "19061133579165096"
            },
            "tracks": null,
            "subscribers": [
                {
                    "defaultAvatar": false,
                    "province": 150000,
                    "authStatus": 0,
                    "followed": false,
                    "avatarUrl": "http://p1.music.126.net/rs9so5otQpUSYvRJz2zL-Q==/18688399139100162.jpg",
                    "accountStatus": 0,
                    "gender": 1,
                    "city": 150600,
                    "birthday": 761572796933,
                    "userId": 421673426,
                    "userType": 0,
                    "nickname": "浩伟666666",
                    "signature": "",
                    "description": "",
                    "detailDescription": "",
                    "avatarImgId": 18688399139100162,
                    "backgroundImgId": 18926993160572996,
                    "backgroundUrl": "http://p1.music.126.net/IueSwOkvqXCbK-8hF6h2fA==/18926993160572996.jpg",
                    "authority": 0,
                    "mutual": false,
                    "expertTags": null,
                    "djStatus": 0,
                    "vipType": 0,
                    "remarkName": null,
                    "avatarImgIdStr": "18688399139100162",
                    "backgroundImgIdStr": "18926993160572996",
                    "avatarImgId_str": "18688399139100162"
                }
            ],
            "subscribed": null,
            "commentThreadId": "A_PL_0_635145086",
            "newImported": false,
            "adType": 0,
            "highQuality": false,
            "privacy": 0,
            "ordered": false,
            "anonimous": false,
            "shareCount": 258,
            "coverImgId_str": "18549860674050483",
            "commentCount": 171
        },
        {
            "name": "诗意翩跹的男声，恋恋难舍的爱意",
            "id": 635816787,
            "trackNumberUpdateTime": 1489988435899,
            "status": 0,
            "userId": 74029445,
            "createTime": 1489988423432,
            "updateTime": 1489988462098,
            "subscribedCount": 4788,
            "trackCount": 100,
            "cloudTrackCount": 0,
            "coverImgUrl": "http://p1.music.126.net/dSL94fl0EBWTr4yFfEmDpA==/18920396090807295.jpg",
            "coverImgId": 18920396090807295,
            "description": "这张歌单选择的标准是清新和诗意的男声、较为简单的伴奏、整体正面的主题，希望能为你带来平静祥和的心境，或是为你在阅读和写作中带来更多的乐趣。:D\n\n对偶歌单：《柔情缱绻的女声，绵绵不绝的情思》。\n\n分段：\n01-15：开篇；\n16-30：减弱；（歌名↑）\n31-34：增强；（歌名↓）\n35-41：活泼；（歌名↑）\n42-56：逐渐平静（此段包含一些对唱作品）；（歌名↓）\n57-76：平静；（歌名↑）\n77-94：增强；（歌名↓）\n95-100：结尾。\n除了开篇之外，其余分段都是歌名从短到长，或是从长到短的排序。\n\n排名不分先后。\n\n封面：来自画师tofuvi，画师ID=7377710，封面PID=57084645。\n\n更新日志：\n（Stage0：筹划-1.11-1.24）（Stage1：收集-2.21-3.16）（Stage2：筛选和排序-3.17-3.19）\n1.11：创意确定，从分类曲源中抽取可用的曲目，共8首。\n1.24：封面和标题确定。\n2.21：女声集完成，初步收集可用于这张歌单的素材224首。开始另外收集这张歌单的素材。\n3.17：收集完成，二次曲源约1500首，两次选入总和287首。\n3.20：筛选排序完成，发行。\n\n花絮：\n1.在制作上一张《柔情缱绻的女声，绵绵不绝的情思》时收集了不少可用于这张歌单的曲目（224首），但看质量感觉还是不能做到与前作一样好的水平，所以又从FM开始收集新素材。\n2.在这张歌单暂时定为“清新爽朗的男声”时，原定的第一首是Jason Mraz的《I’m yours》。后来确定主题之后，由于这首歌并不是很符合整体的调，所以最后用的John Lennon的《Oh My Love》作为第一首。\n3.这张歌单的最后一首和《柔情缱绻的女声，绵绵不绝的情思》的第一首是同一首歌，只是演唱者不同。\n4.这张比女声那张整体要活泼一些。\n\n祝您欣赏愉快 ^_^\n\n发行于2017.3.20。",
            "tags": [
                "欧美",
                "流行",
                "治愈"
            ],
            "playCount": 286207,
            "trackUpdateTime": 1489999386697,
            "specialType": 0,
            "totalDuration": 0,
            "creator": {
                "defaultAvatar": false,
                "province": 1000000,
                "authStatus": 0,
                "followed": false,
                "avatarUrl": "http://p1.music.126.net/4DxGe82XR7Aic56LVTP6Xg==/18566353348425887.jpg",
                "accountStatus": 0,
                "gender": 1,
                "city": 1010000,
                "birthday": 794419200000,
                "userId": 74029445,
                "userType": 0,
                "nickname": "xept",
                "signature": "我只是想为大家分享更多好音乐。",
                "description": "",
                "detailDescription": "",
                "avatarImgId": 18566353348425887,
                "backgroundImgId": 19179880834966671,
                "backgroundUrl": "http://p1.music.126.net/KRZBw_yOgM4KhVSDqYJaYg==/19179880834966671.jpg",
                "authority": 0,
                "mutual": false,
                "expertTags": [
                    "日语",
                    "流行",
                    "欧美"
                ],
                "djStatus": 0,
                "vipType": 11,
                "remarkName": null,
                "avatarImgIdStr": "18566353348425887",
                "backgroundImgIdStr": "19179880834966671",
                "avatarImgId_str": "18566353348425887"
            },
            "tracks": null,
            "subscribers": [
                {
                    "defaultAvatar": false,
                    "province": 340000,
                    "authStatus": 0,
                    "followed": false,
                    "avatarUrl": "http://p1.music.126.net/UZIhbquPWGMXilh5SiLaGA==/18889609765221113.jpg",
                    "accountStatus": 0,
                    "gender": 1,
                    "city": 340100,
                    "birthday": -2209017600000,
                    "userId": 438373428,
                    "userType": 0,
                    "nickname": "小鱼干和毛线团",
                    "signature": "",
                    "description": "",
                    "detailDescription": "",
                    "avatarImgId": 18889609765221113,
                    "backgroundImgId": 109951162868126486,
                    "backgroundUrl": "http://p1.music.126.net/_f8R60U9mZ42sSNvdPn2sQ==/109951162868126486.jpg",
                    "authority": 0,
                    "mutual": false,
                    "expertTags": null,
                    "djStatus": 0,
                    "vipType": 0,
                    "remarkName": null,
                    "avatarImgIdStr": "18889609765221113",
                    "backgroundImgIdStr": "109951162868126486",
                    "avatarImgId_str": "18889609765221113"
                }
            ],
            "subscribed": null,
            "commentThreadId": "A_PL_0_635816787",
            "newImported": false,
            "adType": 0,
            "highQuality": false,
            "privacy": 0,
            "ordered": false,
            "anonimous": false,
            "shareCount": 29,
            "coverImgId_str": "18920396090807295",
            "commentCount": 39
        }
    ],
    "code": 200,
    "more": true,
    "total": 1435
}